0.0222376957535744
0.0131188658997416
0.0081181144341826
0.0116094434633851
0.0225153360515833
0.0097016738727689
0.0093102352693677
0.0146108381450176
0.0141514847055078
0.0323347263038158
0.1155779361724854
0.0254561435431242
0.0179753992706537
0.0099875424057245
0.0184465292841196
0.0119767962023616
0.0030947392806411
0.0026427789125592
0.0058982581831515
0.0070488019846380
0.0188651494681835
0.0112207299098372
0.0172273814678192
0.0052086086943746
0.0051389504224062
0.0052099851891398
0.0119357621297240
0.0036769958678633
0.0165891349315643
0.0192779954522848
0.0241341739892960
0.0142715414986014
0.0895374044775963
0.0261440370231867
0.0204308182001114
0.0295198075473309
0.0146378632634878
0.0223259273916483
0.0897030308842659
0.0312685742974281
0.0281646978110075
0.0203446988016367
0.0144994016736746
0.0135948564857244
0.0129570914432406
0.0093941790983081
0.0082892049103975
0.0142903933301568
0.0123069388791919
0.0140213249251246
0.0208818614482880
0.0195584762841463
0.0195223651826382
0.0207664128392935
0.0206788796931505
0.0199601296335459
0.0200181789696217
0.0198183618485928
0.0216280911117792
0.0201454162597656
0.0203431621193886
0.0196516383439302
0.0191497318446636
0.0186803583055735
0.0205699838697910
0.0177805386483669
0.0166141763329506
0.0173126999288797
0.0228188093751669
0.0219212621450424
0.0188288949429989
0.0174135472625494
0.0194811765104532
0.0180882848799229
0.0163746792823076
0.0177102666348219
0.0189635865390301
0.0172670576721430
0.0206625070422888
0.0204832777380943
0.0194195602089167
0.0193888228386641
0.0208158120512962
0.0210423450917006
0.0204292722046375
0.0207225997000933
0.0204778723418713
0.0209039244800806
0.0205536969006062
0.0275885723531246
0.0203002430498600
0.0205591246485710
0.0200234651565552
0.0208323039114475
0.0209149625152349
0.0204616598784924
0.0217196419835091
0.0203056018799543
0.0208158120512962
0.0196308977901936
0.0239586997777224
0.0195514801889658
0.0186244435608387
0.0216889586299658
0.0214838031679392
0.0201914459466934
0.0193563196808100
0.0194228664040565
0.0207864046096802
0.0201116465032101
0.0233652871102095
0.0208578668534756
0.0174717754125595
0.0154901202768087
0.0207535065710545
0.0178211648017168
0.0166038498282433
0.0186638198792934
0.0219076368957758
0.0229920260608196
0.0231320597231388
0.0176060516387224
0.0188470222055912
0.0186096988618374
0.0144969495013356
0.0146508477628231
0.0196290574967861
0.0174625515937805
0.0210737306624651
0.0185116976499557
0.0181631501764059
0.0160775911062956
0.0231137461960316
0.0230893492698669
0.0188719164580107
0.0203842613846064
0.0200692154467106
0.0206115394830704
0.0240410696715117
0.0258718561381102
0.0199688002467155
0.0201914459466934
0.0192391443997622
0.0205300804227591
0.0204273592680693
0.0210737287998199
0.0242066550999880
0.0207261294126511
0.0191479381173849
0.0190722607076168
0.0224227663129568
0.0192545689642429
0.0169226340949535
0.0188372507691383
0.0217464976012707
0.0177884288132191
0.0178684443235397
0.0196863282471895
0.0199531801044941
0.0249399021267891
0.0336888134479523
0.0228832401335239
0.0191886015236378
0.0171928219497204
0.0211631339043379
0.0188671108335257
0.0128392539918423
0.0128630036488175
0.0149558084085584
0.0159004572778940
0.0219773575663567
0.0180629007518291
0.0190221536904573
0.0155025394633412
0.0146625945344567
0.0154943540692329
0.0182161442935467
0.0143032036721706
0.0206825956702232
0.0200535152107477
0.0209684856235981
0.0172975361347198
0.0310333278030157
0.0211743097752333
0.0216777138411999
0.0222693830728531
0.0193309672176838
0.0222165342420340
0.0331768989562988
0.0238957572728395
0.0235016103833914
0.0213595852255821
0.0193360708653927
0.0193360708653927
0.0194025468081236
0.0208690781146288
0.0179915130138397
0.0203521903604269
0.0177696533501148
0.0201012194156647
0.0234305933117867
0.0179040301591158
0.0165232680737972
0.0179371479898691
0.0199139025062323
0.0165844522416592
0.0169384423643351
0.0183055065572262
0.0172498207539320
0.0214303974062204
0.0383264347910881
0.0259852968156338
0.0200669486075640
0.0157522857189178
0.0185389500111341
0.0169384423643351
0.0167251527309418
0.0161438230425119
0.0156238954514265
0.0203282218426466
0.0232703164219856
0.0182668846100569
0.0193133000284433
0.0172954220324755
0.0177534148097038
0.0175021160393953
0.0187407061457634
0.0174053516238928
0.0203121304512024
0.0200722478330135
0.0206473339349031
0.0177909489721060
0.0307441372424364
0.0195234846323729
0.0210102461278439
0.0212838016450405
0.0180893223732710
0.0223904475569725
0.0329720228910446
0.0212276875972748
0.0236730817705393
0.0229772944003344
0.0190650727599859
0.0171635113656521
0.0169742535799742
0.0226640161126852
0.0180321056395769
0.0184510610997677
0.0167472437024117
0.0179940629750490
0.0244028884917498
0.0196476336568594
0.0183152277022600
0.0209992174059153
0.0205657929182053
0.0192065797746181
0.0192980673164129
0.0200246702879667
0.0198719464242458
0.0223079100251198
0.0281940214335918
0.0218936633318663
0.0180321596562862
0.0162421949207783
0.0204791054129601
0.0188051890581846
0.0168804582208395
0.0160080622881651
0.0184559877961874
0.0197360105812550
0.0247925110161304
0.0191761814057827
0.0186716224998236
0.0174652412533760
0.0148360533639789
0.0154884150251746
0.0224497020244598
0.0166547019034624
0.0202425960451365
0.0184365082532167
0.0180321596562862
0.0153378611430526
0.0256243143230677
0.0189347136765718
0.0184170473366976
0.0205278210341930
0.0197099763900042
0.0218474734574556
0.0263863224536180
0.0244157779961824
0.0211215354502201
0.0217726211994886
0.0198771934956312
0.0196787826716900
0.0195596534758806
0.0230137854814529
0.0204953309148550
0.0201466307044029
0.0179040823131800
0.0196165386587381
0.0220042038708925
0.0196999721229076
0.0184953808784485
0.0200674142688513
0.0218709986656904
0.0199301429092884
0.0196428466588259
0.0204687099903822
0.0205228179693222
0.0214252360165119
0.0231727641075850
0.0216584019362926
0.0184271484613419
0.0164236240088940
0.0204471051692963
0.0194570440798998
0.0150255570188165
0.0168318487703800
0.0190152470022440
0.0189251005649567
0.0244291666895151
0.0182287674397230
0.0187114756554365
0.0184466186910868
0.0148637956008315
0.0160337630659342
0.0188801884651184
0.0168986357748508
0.0198251865804195
0.0193341542035341
0.0183931253850460
0.0169075597077608
0.0227064639329910
0.0227364543825388
0.0193443652242422
0.0207735672593117
0.0205607786774635
0.0210495963692665
0.0247407034039497
0.0249571874737740
0.0195548869669437
0.0199617370963097
0.0198042634874582
0.0206805448979139
0.0215216074138880
0.0203394293785095
0.0245909336954355
0.0228025782853365
0.0196065790951252
0.0198042634874582
0.0222969558089972
0.0189304109662771
0.0177728775888681
0.0197836887091398
0.0226230695843697
0.0191667638719082
0.0184615403413773
0.0194419641047716
0.0203397646546364
0.0218886900693178
0.0272510107606649
0.0222029704600573
0.0186526030302048
0.0160806588828564
0.0207191407680511
0.0181618202477694
0.0136815588921309
0.0149190807715058
0.0174797233194113
0.0189754441380501
0.0227728765457869
0.0173143818974495
0.0194830670952797
0.0172004830092192
0.0151013648137450
0.0155915496870875
0.0167744569480419
0.0159959774464369
0.0208783764392138
0.0201793108135462
0.0203290302306414
0.0182386990636587
0.0269078668206930
0.0240964945405722
0.0211000181734562
0.0217332225292921
0.0198569446802139
0.0212341360747814
0.0286301057785749
0.0248065181076527
0.0211502127349377
0.0203666314482689
0.0189604219049215
0.0199515316635370
0.0203720107674599
0.0197263211011887
0.0226170979440212
0.0213409140706062
0.0192631464451551
0.0191971492022276
0.0206271521747112
0.0188513416796923
0.0193505361676216
0.0199628323316574
0.0205782018601894
0.0195507984608412
0.0194273181259632
0.0191018283367157
0.0204968731850386
0.0189461372792721
0.0195714551955462
0.0211342796683311
0.0201587863266468
0.0184622481465340
0.0201960746198893
0.0178393721580505
0.0197479203343391
0.0175961460918188
0.0226478409022093
0.0227197036147118
0.0195817910134792
0.0179669857025146
0.0200050398707390
0.0193046145141125
0.0167928244918585
0.0196387413889170
0.0180144812911749
0.0186385512351990
0.0201162565499544
0.0204212553799152
0.0189962200820446
0.0174113065004349
0.0197792258113623
0.0183892827481031
0.0207308791577816
0.0198944378644228
0.0203190781176090
0.0212069377303123
0.0210896916687489
0.0268379524350166
0.0199997592717409
0.0216882023960352
0.0196906551718712
0.0199892017990351
0.0206598509103060
0.0233090259134769
0.0228520445525646
0.0211231242865324
0.0200844164937735
0.0185012817382812
0.0140486545860767
0.0188769865781069
0.0170976873487234
0.0140116158872843
0.0187231265008450
0.0146509157493711
0.0169807318598032
0.0178353674709797
0.0166302472352982
0.0151025392115116
0.0224700644612312
0.0256002023816109
0.0312304273247719
0.0267258826643229
0.0166478175669909
0.0170481074601412
0.0286323335021734
0.0105830514803529
0.0237760823220015
0.0114341694861650
0.0123049095273018
0.0211686175316572
0.0233653970062733
0.0201329886913300
0.0229860600084066
0.0277394782751799
0.0349940173327923
0.0190120227634907
0.0148455901071429
0.0242964010685682
0.0200481265783310
0.0239777937531471
0.0176200829446316
0.0160395093262196
0.0223458334803581
0.0202075373381376
0.0190773829817772
0.0168690271675587
0.0140190152451396
0.0408705435693264
0.0204166695475578
0.0204112809151411
0.0213031694293022
0.0173477567732334
0.0174764692783356
0.0228167753666639
0.0121019454672933
0.0207864996045828
0.0213031694293022
0.0160098969936371
0.0135687375441194
0.0168127417564392
0.0164613816887140
0.0140165751799941
0.0231220331043005
0.0158431455492973
0.0162626821547747
0.0176542624831200
0.0166141893714666
0.0191548019647598
0.0367488600313663
0.0259426999837160
0.0251735579222441
0.0204292908310890
0.0177289918065071
0.0182176940143108
0.0093193734064698
0.0100158387795091
0.0114714810624719
0.0127424169331789
0.0164526905864477
0.0173355825245380
0.0227166470140219
0.0144906667992473
0.0246344562619925
0.0272627808153629
0.0087356762960553
0.0136477760970592
0.0195533260703087
0.0254408009350300
0.0268343389034271
0.0359428860247135
0.0399250239133835
0.0312249939888716
0.0261420793831348
0.0224780198186636
0.0174365602433681
0.0186163708567619
0.0285669509321451
0.0119790602475405
0.0219966433942318
0.0183238107711077
0.0176356304436922
0.0163833424448967
0.0182225033640862
0.0172488447278738
0.0195533279329538
0.0239926148205996
0.0217081941664219
0.0182176940143108
0.0141447614878416
0.0170833598822355
0.0181863810867071
0.0171783324331045
0.0261799544095993
0.0199468899518251
0.0178392473608255
0.0193197764456272
0.0201692935079336
0.0210506059229374
0.0224453099071980
0.0197009183466434
0.0225641336292028
0.0205780565738678
0.0202867779880762
0.0191774889826775
0.0058504929766059
0.0097278328612447
0.0106667084619403
0.0148566626012325
0.0133219910785556
0.0150143811479211
0.0210951119661331
0.0126936761662364
0.0201799459755421
0.0242888592183590
0.0051759853959084
0.0113794356584549
0.0205780565738678
0.0242312159389257
0.0312702283263206
0.0404500216245651
0.0343788899481297
0.0367923863232136
0.0282480996102095
0.0247811134904623
0.0197425708174706
0.0221860911697149
0.0267740730196238
0.0106723429635167
0.0202439762651920
0.0178580973297358
0.0168415457010269
0.0191168319433928
0.0226476844400167
0.0122427744790912
0.0229425579309464
0.0239640250802040
0.0253702681511641
0.0185647588223219
0.0155582604929805
0.0183735508471727
0.0214590076357126
0.0185637027025223
0.0205877535045147
0.0206312816590071
0.0208227988332510
0.0194312054663897
0.0218592602759600
0.0174470040947199
0.0122550129890442
0.0173780508339405
0.0208392962813377
0.0226045828312635
0.0195237621665001
0.0173002332448959
0.0140731874853373
0.0182526838034391
0.0201574992388487
0.0262407381087542
0.0130428383126855
0.0151329059153795
0.0204361304640770
0.0172728523612022
0.0228324942290783
0.0270996596664190
0.0101576838642359
0.0178759451955557
0.0203768704086542
0.0239057932049036
0.0235176850110292
0.0314755029976368
0.0178853869438171
0.0257806703448296
0.0250361543148756
0.0205931905657053
0.0202856231480837
0.0201043542474508
0.0153501862660050
0.0208282954990864
0.0179326664656401
0.0185931287705898
0.0188700538128614
0.0208888687193394
0.0222728531807661
0.0184708181768656
0.0257942862808704
0.0208668224513531
0.0248255394399166
0.0191359408199787
0.0172208249568939
0.0190380532294512
0.0211528800427914
0.0191944986581802
0.0151992645114660
0.0185518153011799
0.0211193989962339
0.0180065501481295
0.0205908734351397
0.0119091905653477
0.0084718549624085
0.0166486203670502
0.0200067926198244
0.0215587988495827
0.0175559241324663
0.0144824134185910
0.0365538150072098
0.0255204588174820
0.0439038462936878
0.0334333293139935
0.0117034818977118
0.0160191245377064
0.0186106823384762
0.0216843765228987
0.0177798084914684
0.0228781942278147
0.0291908960789442
0.0222292318940163
0.0173394363373518
0.0197444371879101
0.0141125274822116
0.0166003424674273
0.0092186611145735
0.0132391015067697
0.0176488645374775
0.0159053448587656
0.0201392751187086
0.0173944551497698
0.0080531332641840
0.0466399863362312
0.0153809105977416
0.0195680037140846
0.0206180717796087
0.0207710452377796
0.0200543850660324
0.0286639686673880
0.0215758811682463
0.0185029022395611
0.0219261515885592
0.0166882239282131
0.0194948613643646
0.0182593781501055
0.0199109744280577
0.0202502477914095
0.0194691456854343
0.0194691456854343
0.0197278428822756
0.0185362230986357
0.0197486858814955
0.0175643395632505
0.0222340151667595
0.0220411531627178
0.0191227532923222
0.0175411682575941
0.0190622676163912
0.0175782553851604
0.0210626889020205
0.0212525986135006
0.0206170659512281
0.0205789990723133
0.0211741924285889
0.0181201174855232
0.0200639963150024
0.0221052542328835
0.0211239438503981
0.0213481951504946
0.0180056709796190
0.0227926783263683
0.0218903794884682
0.0207974649965763
0.0191733036190271
0.0193563979119062
0.0194588694721460
0.0171700492501259
0.0210016109049320
0.0189568791538477
0.0192392207682133
0.0205355826765299
0.0198742114007473
0.0195980686694384
0.0204004924744368
0.0212413799017668
0.0189368706196547
0.0194280706346035
0.0189019087702036
0.0233900677412748
0.0234952773898840
0.0204436257481575
0.0193922016769648
0.0190622676163912
0.0201734136790037
0.0189098976552486
0.0191358886659145
0.0202641580253839
0.0216010492295027
0.0199509672820568
0.0193952769041061
0.0184269361197948
0.0211384519934654
0.0184220690280199
0.0190200451761484
0.0207459218800068
0.0189198851585388
0.0174746159464121
0.0195701532065868
0.0168094485998154
0.0183395761996508
0.0179610475897789
0.0260199215263128
0.0215384103357792
0.0200724788010120
0.0170508027076721
0.0190703272819519
0.0214589498937130
0.0170103367418051
0.0186767131090164
0.0183298960328102
0.0206530243158340
0.0197935812175274
0.0196115281432867
0.0181661043316126
0.0180275551974773
0.0185440592467785
0.0236608572304249
0.0205225776880980
0.0192727744579315
0.0198092609643936
0.0188899394124746
0.0201787408441305
0.0309807732701302
0.0193901564925909
0.0193645786494017
0.0192371923476458
0.0199984274804592
0.0207952745258808
0.0219285618513823
0.0254828650504351
0.0216410029679537
0.0203553084284067
0.0182093176990747
0.0234091337770224
0.0199114270508289
0.0137299662455916
0.0171976611018181
0.0240099970251322
0.0150352427735925
0.0144019694998860
0.0181972328573465
0.0206338688731194
0.0262371003627777
0.0398380942642689
0.0217009913176298
0.0184341613203287
0.0160102508962154
0.0229865703731775
0.0163347255438566
0.0101134665310383
0.0091215847060084
0.0109354751184583
0.0088534886017442
0.0159301441162825
0.0149126956239343
0.0199166834354401
0.0141457309946418
0.0128022460266948
0.0081448620185256
0.0276450496166945
0.0133863659575582
0.0213881693780422
0.0217526163905859
0.0278428085148335
0.0204171221703291
0.0346820838749409
0.0336627252399921
0.0279090423136950
0.0277108103036880
0.0183322448283434
0.0183564592152834
0.0375802814960480
0.0451367124915123
0.0271102152764797
0.0167319029569626
0.0171161312609911
0.0211300030350685
0.0163649395108223
0.0124259684234858
0.0102939466014504
0.0145740844309330
0.0161844864487648
0.0193211007863283
0.0261524282395840
0.0190866496413946
0.0164201427251101
0.0260009746998549
0.0240528564900160
0.0213698595762253
0.0167219936847687
0.0191068165004253
0.0240211281925440
0.0229668915271759
0.0326367393136024
0.0164331514388323
0.0176379531621933
0.0151938786730170
0.0234695002436638
0.0150740174576640
0.0085069453343749
0.0158076304942369
0.0215340964496136
0.0193709246814251
0.0118704484775662
0.0143100833520293
0.0200314074754715
0.0133819691836834
0.0109636783599854
0.0077356747351587
0.0182056706398726
0.0103450436145067
0.0258162990212440
0.0200684592127800
0.0291574466973543
0.0256532412022352
0.0289121642708778
0.0292113795876503
0.0227616634219885
0.0292113795876503
0.0215625409036875
0.0246963109821081
0.0295526776462793
0.0253636706620455
0.0256464723497629
0.0199838671833277
0.0178204923868179
0.0220984984189272
0.0195713993161917
0.0071033793501556
0.0121494513005018
0.0144124506041408
0.0225940290838480
0.0182441622018814
0.0251199565827847
0.0213102921843529
0.0164089929312468
0.0187987387180328
0.0136980423703790
0.0158470179885626
0.0192101318389177
0.0213271770626307
0.0213666260242462
0.0259079691022635
0.0256087649613619
0.0168835781514645
0.0200336631387472
0.0206894129514694
0.0217134989798069
0.0161000341176987
0.0191797278821468
0.0204828921705484
0.0322975479066372
0.0310517512261868
0.0129490289837122
0.0167106389999390
0.0187491774559021
0.0093167312443256
0.0078290048986673
0.0094804894179106
0.0481549687683582
0.0066680205054581
0.0199176445603371
0.0195632725954056
0.0166577827185392
0.0135398460552096
0.0227522123605013
0.0131141627207398
0.0148976743221283
0.0241510178893805
0.0210975762456656
0.0246860571205616
0.0188783127814531
0.0437312982976437
0.0223179273307323
0.0254134498536587
0.0244590081274509
0.0216105617582798
0.0178696140646935
0.0161127895116806
0.0114924749359488
0.0151475267484784
0.0182558540254831
0.0214400831609964
0.0239778608083725
0.0113021479919553
0.0068985526449978
0.0119685325771570
0.0186984781175852
0.0092964451760054
0.0084024220705032
0.0135139347985387
0.0140486946329474
0.0464290156960487
0.1369028687477112
0.0193717982620001
0.0165820643305779
0.0102937463670969
0.0168245956301689
0.0090949591249228
0.0021757304202765
0.0016308084595948
0.0048137605190277
0.0063934833742678
0.0091479364782572
0.0095476629212499
0.0148143097758293
0.0029827477410436
0.0035815567243844
0.0041009970009327
0.0177274439483881
0.0016731095965952
0.0145315397530794
0.0169002749025822
0.0287156794220209
0.0160861983895302
0.0905449688434601
0.0167713779956102
0.0202663596719503
0.0346356593072414
0.0133543368428946
0.0285192523151636
0.0968758463859558
0.0398478470742702
0.0300496630370617
0.0241493806242943
0.0134356720373034
0.0114221312105656
0.0107833221554756
0.0050533656030893
0.0037847273051739
0.0094324164092541
0.0110367732122540
0.0116075621917844
0.0173835624009371
0.0123694315552711
0.0083159152418375
0.0093797715380788
0.0210338626056910
0.0089941956102848
0.0087068257853389
0.0135132186114788
0.0111769307404757
0.0307868197560310
0.1238612905144691
0.0304553769528866
0.0175495650619268
0.0094968806952238
0.0160260070115328
0.0155016863718629
0.0039855092763901
0.0051473486237228
0.0033962801098824
0.0046868543140590
0.0367534086108208
0.0134669207036495
0.0172828920185566
0.0090227322652936
0.0104437526315451
0.0071446993388236
0.0071977088227868
0.0085023893043399
0.0172327738255262
0.0189910028129816
0.0258433707058430
0.0150420945137739
0.0791139453649521
0.0317861512303352
0.0212515443563461
0.0248334109783173
0.0124086784198880
0.0178580265492201
0.1044405549764633
0.0092910500243306
0.0283226668834686
0.0168681796640158
0.0130366450175643
0.0120058748871088
0.0105323540046811
0.0088575230911374
0.0111946500837803
0.0142496516928077
0.0095875700935721
0.0156703889369965
0.0208277832716703
0.0201197881251574
0.0200191196054220
0.0215152055025101
0.0211882740259171
0.0207673870027065
0.0205818135291338
0.0193386096507311
0.0217149294912815
0.0162892136722803
0.0158731844276190
0.0190397240221500
0.0183294937014580
0.0177860688418150
0.0202797688543797
0.0169964991509914
0.0186911020427942
0.0182618722319603
0.0282756406813860
0.0257120691239834
0.0170324333012104
0.0169695969671011
0.0190447513014078
0.0192723553627729
0.0159782934933901
0.0180557370185852
0.0201889555901289
0.0182474162429571
0.0198611933737993
0.0191556867212057
0.0171090457588434
0.0184508692473173
0.0185240823775530
0.0235543884336948
0.0192672666162252
0.0188945159316063
0.0205438137054443
0.0185436513274908
0.0161266177892685
0.0323679596185684
0.0176970753818750
0.0184947624802589
0.0194975268095732
0.0212948210537434
0.0221141148358583
0.0242484379559755
0.0251614321023226
0.0221608690917492
0.0221082754433155
0.0184265319257975
0.0200063008815050
0.0179112832993269
0.0177746787667274
0.0185073334723711
0.0202774871140718
0.0184536650776863
0.0181253403425217
0.0184439234435558
0.0183225944638252
0.0208474434912205
0.0308216195553541
0.0249272063374519
0.0206393469125032
0.0168516170233488
0.0187285114079714
0.0176857430487871
0.0158044975250959
0.0200115814805031
0.0154415592551231
0.0184293221682310
0.0201653800904751
0.0177418626844883
0.0200644824653864
0.0190375838428736
0.0203418266028166
0.0198642015457153
0.0159807130694389
0.0180061068385839
0.0216380972415209
0.0208804924041033
0.0233597774058580
0.0224646627902985
0.0259409788995981
0.0224705953150988
0.0231266040354967
0.0220358688384295
0.0186397247016430
0.0223936066031456
0.0271460618823767
0.0157337263226509
0.0223345644772053
0.0217526461929083
0.0184780396521091
0.0182839389890432
0.0177324973046780
0.0178876575082541
0.0213994961231947
0.0201707035303116
0.0184341892600060
0.0184829197824001
0.0181162767112255
0.0230906438082457
0.0210193451493979
0.0195370968431234
0.0208150260150433
0.0209860764443874
0.0215702541172504
0.0223824102431536
0.0213436707854271
0.0214453358203173
0.0138834584504366
0.0167103223502636
0.0210359990596771
0.0246335081756115
0.0219667796045542
0.0251062214374542
0.0199541095644236
0.0160276349633932
0.0229811761528254
0.0163179636001587
0.0208700504153967
0.0234593115746975
0.0204338971525431
0.0179781075567007
0.0162534713745117
0.0183763913810253
0.0244198329746723
0.0165304262191057
0.0169010981917381
0.0187785439193249
0.0172892119735479
0.0176256410777569
0.0179023277014494
0.0228601563721895
0.0163913629949093
0.0194804407656193
0.0217762347310781
0.0170309897512197
0.0154419885948300
0.0232067555189133
0.0170850306749344
0.0172390751540661
0.0220655892044306
0.0222704205662012
0.0233789365738630
0.0190582294017076
0.0198647566139698
0.0231333523988724
0.0218511018902063
0.0221239179372787
0.0207810979336500
0.0217867065221071
0.0211463645100594
0.0215863250195980
0.0199426319450140
0.0215749312192202
0.0223105587065220
0.0205248389393091
0.0205519516021013
0.0150270378217101
0.0124948248267174
0.0181681048125029
0.0173707455396652
0.0171022731810808
0.0217522252351046
0.0211687050759792
0.0220238082110882
0.0210405588150024
0.0293673872947693
0.0300417728722095
0.0235264245420694
0.0198795534670353
0.0193513799458742
0.0171655993908644
0.0125709250569344
0.0169718377292156
0.0195568148046732
0.0152387740090489
0.0188621189445257
0.0163646452128887
0.0128528112545609
0.0124981235712767
0.0194025356322527
0.0225355066359043
0.0138644892722368
0.0164469368755817
0.0210461132228374
0.0168068632483482
0.0133015783503652
0.0211519468575716
0.0141866141930223
0.0175551511347294
0.0201277583837509
0.0224345922470093
0.0238075852394104
0.0323124676942825
0.0356092453002930
0.0277542397379875
0.0211854763329029
0.0198690611869097
0.0164364650845528
0.0212279539555311
0.0221789367496967
0.0184172298759222
0.0167121216654778
0.0188949480652809
0.0216581765562296
0.0191308576613665
0.0186915341764688
0.0123557010665536
0.0090032061561942
0.0192067679017782
0.0198406875133514
0.0213798098266125
0.0208502691239119
0.0227122195065022
0.0373579040169716
0.0251420922577381
0.0258897580206394
0.0242298003286123
0.0212391652166843
0.0215611904859543
0.0195908527821302
0.0224973857402802
0.0181469507515430
0.0258556064218283
0.0181517433375120
0.0244740955531597
0.0179895404726267
0.0169834345579147
0.0126527873799205
0.0108506949618459
0.0133458552882075
0.0140360631048679
0.0157649666070938
0.0138337314128876
0.0197727121412754
0.0158567950129509
0.0101389149203897
0.0170328263193369
0.0146107543259859
0.0181565359234810
0.0197414141148329
0.0215100217610598
0.0213347021490335
0.0482483245432377
0.0311612691730261
0.0258419588208199
0.0184415560215712
0.0198616497218609
0.0219432692974806
0.0229444596916437
0.0140974698588252
0.0183906797319651
0.0218911953270435
0.0142546510323882
0.0156304277479649
0.0195522867143154
0.0209359601140022
0.0222407132387161
0.0379697531461716
0.0204822011291981
0.0178171955049038
0.0166352465748787
0.0237895082682371
0.0196143258363008
0.0154907554388046
0.0066117034293711
0.0165913868695498
0.0045506968162954
0.0246006455272436
0.0199696235358715
0.0196869540959597
0.0163694974035025
0.0090187536552548
0.0060472819022834
0.0691174715757370
0.0146514521911740
0.0178973358124495
0.0181830879300833
0.0158047024160624
0.0107099218294024
0.0259344670921564
0.0211414676159620
0.0166968442499638
0.0222465824335814
0.0193673390895128
0.0141011914238334
0.0221586637198925
0.0657707676291466
0.0233600828796625
0.0153158996254206
0.0197285786271095
0.0234775505959988
0.0168340522795916
0.0173438135534525
0.0093781091272831
0.0170938000082970
0.0151830464601517
0.0213771890848875
0.0202931910753250
0.0217178277671337
0.0186443123966455
0.0189569965004921
0.0225831866264343
0.0195620078593493
0.0195775069296360
0.0211966987699270
0.0208415668457747
0.0233531948179007
0.0221170671284199
0.0195723380893469
0.0195104312151670
0.0193258821964264
0.0239210259169340
0.0236322842538357
0.0147558040916920
0.0137878581881523
0.0168335326015949
0.0166611038148403
0.0239652730524540
0.0207701604813337
0.0216434206813574
0.0142354080453515
0.0129481917247176
0.0143903298303485
0.0190926082432270
0.0121116032823920
0.0201224740594625
0.0196188986301422
0.0187727268785238
0.0160735137760639
0.0297340955585241
0.0257630683481693
0.0180152934044600
0.0213708840310574
0.0208195690065622
0.0182980969548225
0.0243736300617456
0.0198953337967396
0.0188571698963642
0.0181729290634394
0.0200323667377234
0.0220180284231901
0.0220762323588133
0.0205736961215734
0.0226130150258541
0.0247170645743608
0.0198586042970419
0.0222224164754152
0.0189602170139551
0.0184175297617912
0.0183592736721039
0.0189402047544718
0.0204256437718868
0.0185688771307468
0.0182963740080595
0.0189802497625351
0.0189752392470837
0.0238998346030712
0.0316426008939743
0.0234808102250099
0.0215330999344587
0.0195550005882978
0.0205717571079731
0.0203987006098032
0.0146496165543795
0.0161187388002872
0.0133919529616833
0.0146225690841675
0.0209886785596609
0.0197678133845329
0.0203610360622406
0.0176138710230589
0.0196377746760845
0.0212114956229925
0.0135055677965283
0.0168764404952526
0.0216985885053873
0.0202431213110685
0.0239946655929089
0.0200251918286085
0.0284264516085386
0.0187759138643742
0.0228811018168926
0.0218307450413704
0.0188504140824080
0.0234746113419533
0.0293027125298977
0.0120817217975855
0.0241663102060556
0.0230204630643129
0.0188205800950527
0.0184613410383463
0.0181041806936264
0.0193087607622147
0.0188553929328918
0.0202591605484486
0.0176371373236179
0.0200304798781872
0.0200525000691414
0.0181624013930559
0.0174341946840286
0.0179195012897253
0.0206979364156723
0.0183940213173628
0.0182008016854525
0.0196957290172577
0.0199996307492256
0.0263046734035015
0.0284501910209656
0.0218374431133270
0.0215624663978815
0.0188860911875963
0.0199732482433319
0.0179147720336914
0.0120950043201447
0.0155673716217279
0.0157201793044806
0.0189110357314348
0.0187965575605631
0.0167794227600098
0.0203619077801704
0.0146193355321884
0.0158368125557899
0.0171240083873272
0.0152863627299666
0.0127878654748201
0.0204427018761635
0.0222741346806288
0.0249781757593155
0.0236123595386744
0.0272518843412399
0.0244820062071085
0.0229183565825224
0.0250706654042006
0.0198628231883049
0.0240845456719398
0.0295291803777218
0.0209508258849382
0.0227195601910353
0.0225760620087385
0.0198156852275133
0.0192993953824043
0.0191117953509092
0.0138090038672090
0.0195816680788994
0.0192688498646021
0.0196334309875965
0.0193555224686861
0.0197767466306686
0.0170228146016598
0.0178371369838715
0.0178089048713446
0.0188589356839657
0.0178559813648462
0.0173448994755745
0.0181794278323650
0.0187200419604778
0.0220142751932144
0.0266228970140219
0.0220608189702034
0.0218983460217714
0.0190490800887346
0.0181028004735708
0.0160877518355846
0.0164224673062563
0.0226928796619177
0.0167376119643450
0.0227348562330008
0.0161175113171339
0.0162714235484600
0.0202683173120022
0.0187101606279612
0.0225495528429747
0.0202415809035301
0.0145944617688656
0.0191044770181179
0.0216168947517872
0.0233122576028109
0.0273784380406141
0.0271266251802444
0.0215940792113543
0.0204564649611712
0.0257518794387579
0.0236594676971436
0.0188688952475786
0.0242603514343500
0.0273712109774351
0.0186411365866661
0.0243180636316538
0.0231589041650295
0.0189687851816416
0.0178937334567308
0.0170273091644049
0.0134192444384098
0.0166582632809877
0.0156520549207926
0.0191246625036001
0.0180550720542669
0.0251827836036682
0.0189855806529522
0.0164023302495480
0.0182484406977892
0.0187069606035948
0.0178199652582407
0.0188358072191477
0.0194831844419241
0.0186281073838472
0.0175862889736891
0.0217793025076389
0.0229904800653458
0.0184567775577307
0.0134737426415086
0.0188358072191477
0.0155423292890191
0.0158531349152327
0.0223324354737997
0.0320720560848713
0.0441076867282391
0.0215107351541519
0.0152134988456964
0.0172688346356153
0.0135522261261940
0.0091231362894177
0.0133851077407598
0.0189505275338888
0.0104132397100329
0.0183498896658421
0.0175909325480461
0.0139441890642047
0.0126699190586805
0.0242946576327085
0.0243910532444715
0.0151134198531508
0.0198099389672279
0.0205070320516825
0.0219235215336084
0.0227309670299292
0.0338556319475174
0.0169436894357204
0.0215960852801800
0.0209613442420959
0.0195398461073637
0.0217333529144526
0.0250832568854094
0.0324125364422798
0.0248263217508793
0.0197994820773602
0.0171824321150780
0.0200101118534803
0.0137507421895862
0.0082830516621470
0.0094269420951605
0.0220342464745045
0.0110303657129407
0.0113434009253979
0.0162475351244211
0.0128997070714831
0.0331488214433193
0.0825491249561310
0.0335892885923386
0.0229545924812555
0.0101020652800798
0.0141223240643740
0.0127844344824553
0.0040256944485009
0.0049671288579702
0.0157658327370882
0.0147199677303433
0.0264019649475813
0.0127540966495872
0.0155631983652711
0.0061823502182961
0.0040587754920125
0.0083379019051790
0.0146540524438024
0.0028524447698146
0.0111887427046895
0.0172464326024055
0.0154404239729047
0.0127070443704724
0.0602144636213779
0.0433124341070652
0.0138783873990178
0.0269157215952873
0.0165811963379383
0.0217338260263205
0.0723602622747421
0.0436337888240814
0.0187716837972403
0.0211284775286913
0.0192382726818323
0.0124546298757195
0.0176517944782972
0.0098987836390734
0.0232964791357517
0.0295446515083313
0.0155385667458177
0.0127036897465587
0.0286700334399939
0.0123373875394464
0.0085230069234967
0.0109409652650356
0.0145929530262947
0.0091117192059755
0.0098211439326406
0.0136500950902700
0.0099832182750106
0.0273900683969259
0.1321435123682022
0.0363786183297634
0.0165251437574625
0.0069680591113865
0.0150348497554660
0.0125807812437415
0.0104029560461640
0.0116689326241612
0.0058786100707948
0.0149517245590687
0.0424428097903728
0.0139304148033261
0.0177929680794477
0.0078263543546200
0.0068314471282065
0.0056952931918204
0.0198217444121838
0.0062416736036539
0.0184045024216175
0.0164251066744328
0.0181391984224319
0.0084156850352883
0.0709261223673820
0.0168333686888218
0.0145007846876979
0.0242578443139791
0.0128425303846598
0.0235946495085955
0.0843372419476509
0.0130303660407662
0.0247168242931366
0.0260363128036261
0.0148337781429291
0.0118740350008011
0.0090685244649649
0.0138424308970571
0.0144816543906927
0.0133577743545175
0.0082115801051259
0.0137332305312157
0.0174790062010288
0.0181514900177717
0.0183684155344963
0.0168092362582684
0.0187307894229889
0.0175067149102688
0.0175344683229923
0.0187555309385061
0.0194617081433535
0.0224555358290672
0.0211716927587986
0.0204196348786354
0.0239433199167252
0.0232334565371275
0.0189296361058950
0.0176738929003477
0.0172134060412645
0.0218416154384613
0.0171318016946316
0.0189396347850561
0.0145835774019361
0.0170505847781897
0.0207895189523697
0.0193234775215387
0.0238612890243530
0.0213231444358826
0.0147812590003014
0.0203873161226511
0.0204304195940495
0.0241209641098976
0.0285685323178768
0.0283282026648521
0.0187753476202488
0.0219224933534861
0.0267721358686686
0.0238361041992903
0.0194052718579769
0.0224673952907324
0.0234677083790302
0.0197933278977871
0.0244027897715569
0.0215665828436613
0.0197828784584999
0.0189746655523777
0.0175669025629759
0.0126994624733925
0.0149934915825725
0.0153986541554332
0.0196942929178476
0.0191811658442020
0.0206506662070751
0.0172662734985352
0.0176162030547857
0.0186155140399933
0.0204229559749365
0.0186401028186083
0.0181496497243643
0.0190631151199341
0.0195111762732267
0.0241248887032270
0.0297352299094200
0.0226437486708164
0.0213209819048643
0.0179969668388367
0.0188330113887787
0.0163523387163877
0.0133689977228642
0.0157465115189552
0.0156925600022078
0.0201498232781887
0.0170623622834682
0.0163782611489296
0.0203261375427246
0.0156429260969162
0.0178644228726625
0.0188827980309725
0.0164432488381863
0.0141012938693166
0.0208258610218763
0.0227036084979773
0.0255608055740595
0.0255675558000803
0.0258389785885811
0.0208038818091154
0.0241758935153484
0.0246658567339182
0.0195111762732267
0.0252789519727230
0.0285958163440228
0.0220829043537378
0.0228780936449766
0.0238085314631462
0.0191842820495367
0.0184296965599060
0.0184442978352308
0.0144556099548936
0.0183762516826391
0.0183471683412790
0.0198750942945480
0.0179874654859304
0.0209369473159313
0.0195532049983740
0.0189434681087732
0.0195274110883474
0.0223182234913111
0.0203484203666449
0.0197138842195272
0.0205481573939323
0.0208982918411493
0.0213725492358208
0.0190136115998030
0.0198916345834732
0.0194553714245558
0.0179644525051117
0.0202145632356405
0.0186703931540251
0.0133942579850554
0.0165222287178040
0.0193324908614159
0.0226566083729267
0.0199863836169243
0.0170180536806583
0.0192408412694931
0.0168437361717224
0.0158765409141779
0.0173034649342299
0.0155817214399576
0.0157014727592468
0.0191901102662086
0.0205156356096268
0.0207717791199684
0.0215880386531353
0.0223890393972397
0.0283040292561054
0.0207224842160940
0.0220837816596031
0.0208156965672970
0.0209812112152576
0.0227525122463703
0.0260111149400473
0.0188636165112257
0.0192815195769072
0.0197973307222128
0.0208102017641068
0.0221363157033920
0.0172077994793653
0.0246147979050875
0.0215709488838911
0.0215937402099371
0.0191698558628559
0.0183806475251913
0.0180202890187502
0.0215070080012083
0.0219428837299347
0.0220008902251720
0.0231203921139240
0.0207649543881416
0.0201546419411898
0.0226133167743683
0.0206501521170139
0.0155478436499834
0.0157585944980383
0.0182115938514471
0.0207594744861126
0.0189022775739431
0.0171976070851088
0.0118774445727468
0.0175091251730919
0.0176856610924006
0.0230898931622505
0.0132702076807618
0.0158294793218374
0.0187432616949081
0.0186494830995798
0.0250127892941236
0.0236513223499060
0.0118305021896958
0.0196450743824244
0.0209521800279617
0.0225715637207031
0.0261264275759459
0.0361019968986511
0.0177699048072100
0.0229198392480612
0.0252916738390923
0.0217812787741423
0.0203955061733723
0.0224349256604910
0.0193874612450600
0.0200432129204273
0.0196398869156837
0.0188972875475883
0.0183515548706055
0.0199008528143167
0.0221465732902288
0.0128191141411662
0.0187729783356190
0.0174307208508253
0.0249007828533649
0.0190374944359064
0.0127066411077976
0.0166420638561249
0.0194624289870262
0.0161742642521858
0.0206099525094032
0.0180089641362429
0.0181282181292772
0.0181425828486681
0.0171822626143694
0.0162899661809206
0.0230023991316557
0.0226289555430412
0.0280094761401415
0.0259725097566843
0.0157403778284788
0.0176652204245329
0.0161018352955580
0.0119864940643311
0.0157986637204885
0.0125234732404351
0.0119643639773130
0.0196586605161428
0.0221501942723989
0.0208617672324181
0.0353813059628010
0.0394363440573215
0.0131815858185291
0.0217618457973003
0.0173234585672617
0.0253961775451899
0.0269717704504728
0.0416074804961681
0.0196275468915701
0.0175582803785801
0.0264080986380577
0.0208067651838064
0.0186919663101435
0.0204905960708857
0.0168098583817482
0.0149821750819683
0.0210832338780165
0.0206317286938429
0.0189153514802456
0.0161614604294300
0.0185543037950993
0.0156988799571991
0.0142379216849804
0.0200676694512367
0.0243265051394701
0.0164759457111359
0.0199341885745525
0.0183435138314962
0.0146641163155437
0.0150405149906874
0.0163533985614777
0.0133839901536703
0.0151761258020997
0.0200291424989700
0.0170499607920647
0.0298472680151463
0.0471503995358944
0.0250480733811855
0.0188044235110283
0.0164529979228973
0.0190593190491199
0.0215942803770304
0.0180695466697216
0.0181412436068058
0.0066052014008164
0.0044854204170406
0.0350810773670673
0.0195536930114031
0.0192718245089054
0.0232264716178179
0.0203973352909088
0.0094110295176506
0.0399257726967335
0.0275599900633097
0.0213900208473206
0.0233802739530802
0.0256368014961481
0.0165925808250904
0.0193278733640909
0.0128779299557209
0.0237912219017744
0.0253139808773994
0.0178231820464134
0.0216742418706417
0.0345480032265186
0.0194712728261948
0.0294092539697886
0.0205324031412601
0.0189739707857370
0.0203650519251823
0.0126956440508366
0.0099055822938681
0.0090695451945066
0.0119162015616894
0.0119287902489305
0.0237159710377455
0.0154744405299425
0.0177280828356743
0.0225720088928938
0.0189326144754887
0.0189426131546497
0.0208863187581301
0.0210024360567331
0.0190127566456795
0.0209525916725397
0.0182119514793158
0.0124721853062510
0.0167012885212898
0.0206723753362894
0.0245423149317503
0.0187436323612928
0.0180254019796848
0.0182360056787729
0.0199696626514196
0.0193929616361856
0.0267480891197920
0.0134290624409914
0.0170577708631754
0.0203153006732464
0.0190479233860970
0.0279832780361176
0.0332130752503872
0.0107099423184991
0.0212534312158823
0.0203206650912762
0.0233354754745960
0.0231880880892277
0.0299794264137745
0.0161591377109289
0.0175094716250896
0.0244970042258501
0.0188577920198441
0.0194904804229736
0.0208147596567869
0.0158005636185408
0.0167321804910898
0.0187287926673889
0.0202563889324665
0.0188727304339409
0.0190630163997412
0.0209525916725397
0.0201923195272684
0.0216384213417768
0.0189276188611984
0.0231880880892277
0.0192653890699148
0.0177394095808268
0.0179324652999640
0.0208500660955906
0.0211773701012135
0.0228744689375162
0.0223255846649408
0.0199192166328430
0.0202693343162537
0.0228503253310919
0.0218821056187153
0.0164580121636391
0.0154598196968436
0.0193490814417601
0.0223373752087355
0.0196372643113136
0.0172043908387423
0.0100323120132089
0.0136269852519035
0.0148556483909488
0.0200670063495636
0.0112978396937251
0.0154109206050634
0.0195544902235270
0.0162250511348248
0.0246684625744820
0.0232151579111814
0.0109224393963814
0.0170012097805738
0.0209327954798937
0.0240828879177570
0.0299273896962404
0.0410496741533279
0.0202212296426296
0.0235982723534107
0.0280159469693899
0.0237044189125299
0.0205007418990135
0.0232029035687447
0.0207841191440821
0.0206692107021809
0.0208005867898464
0.0190148632973433
0.0180655140429735
0.0200299564749002
0.0220211911946535
0.0115847727283835
0.0156198153272271
0.0165538787841797
0.0255163051187992
0.0189597234129906
0.0212599541991949
0.0190537683665752
0.0180833693593740
0.0198758412152529
0.0230547878891230
0.0202572550624609
0.0191344227641821
0.0202893689274788
0.0215936899185181
0.0217826366424561
0.0218517556786537
0.0196411125361919
0.0193784367293119
0.0172714795917273
0.0201665442436934
0.0170584991574287
0.0112881278619170
0.0147569207474589
0.0207115001976490
0.0224363245069981
0.0174640510231256
0.0157471019774675
0.0193528737872839
0.0153570752590895
0.0143156312406063
0.0153692439198494
0.0161897186189890
0.0132535304874182
0.0197763927280903
0.0213443096727133
0.0217941422015429
0.0238220002502203
0.0240939687937498
0.0293541532009840
0.0213950853794813
0.0236153621226549
0.0210588555783033
0.0216965489089489
0.0242471117526293
0.0305721722543240
0.0196307450532913
0.0194501932710409
0.0196514856070280
0.0207607690244913
0.0222593303769827
0.0145250130444765
0.0223653595894575
0.0211145244538784
0.0228367112576962
0.0186408013105392
0.0218134727329016
0.0198200792074203
0.0184467341750860
0.0192680358886719
0.0216986015439034
0.0194931589066982
0.0194109920412302
0.0206533931195736
0.0206261500716209
0.0214253701269627
0.0209333524107933
0.0202591717243195
0.0194468963891268
0.0178998317569494
0.0201205890625715
0.0184272658079863
0.0138668697327375
0.0162769649177790
0.0204634331166744
0.0232341680675745
0.0201631281524897
0.0172412227839231
0.0188454482704401
0.0164497625082731
0.0151651306077838
0.0165674369782209
0.0173920858651400
0.0153585271909833
0.0190103482455015
0.0203449279069901
0.0197417475283146
0.0200622417032719
0.0232219044119120
0.0262342095375061
0.0200357791036367
0.0217962041497231
0.0207243971526623
0.0210552867501974
0.0237175673246384
0.0288270022720098
0.0195498485118151
0.0196585338562727
0.0203449279069901
0.0205175299197435
0.0218365211039782
0.0185541845858097
0.0224740188568830
0.0210775341838598
0.0210830997675657
0.0193649251013994
0.0217651594430208
0.0191190689802170
0.0171803440898657
0.0185424406081438
0.0213271826505661
0.0180497895926237
0.0181885100901127
0.0193884633481503
0.0198389329016209
0.0186356827616692
0.0230423696339130
0.0228605940937996
0.0202356595546007
0.0162366293370724
0.0186504460871220
0.0162795521318913
0.0151955941691995
0.0180212222039700
0.0257035996764898
0.0222884938120842
0.0208869893103838
0.0161383394151926
0.0181981157511473
0.0195220038294792
0.0146596888080239
0.0153366532176733
0.0191190689802170
0.0182799734175205
0.0185326524078846
0.0202143024653196
0.0184545330703259
0.0183767471462488
0.0203159507364035
0.0272766537964344
0.0199176520109177
0.0213609915226698
0.0204612817615271
0.0204288959503174
0.0230119731277227
0.0367675609886646
0.0203105881810188
0.0197396706789732
0.0204937178641558
0.0200125258415937
0.0207222178578377
0.0184837896376848
0.0232685506343842
0.0208099335432053
0.0204937178641558
0.0178554710000753
0.0240192767232656
0.0181275345385075
0.0129807963967323
0.0189196318387985
0.0213682111352682
0.0147383846342564
0.0156114958226681
0.0185242369771004
0.0200669094920158
0.0263792295008898
0.0778447091579437
0.0221552066504955
0.0168136600404978
0.0137861324474216
0.0207018759101629
0.0138189280405641
0.0054677575826645
0.0058701778762043
0.0161736533045769
0.0132019836455584
0.0151646556332707
0.0141961006447673
0.0168892908841372
0.0078399293124676
0.0077473400160670
0.0090507371351123
0.0219862349331379
0.0054404009133577
0.0212052389979362
0.0187604706734419
0.0185732059180737
0.0175947360694408
0.0617720559239388
0.0218704491853714
0.0182813238352537
0.0245513971894979
0.0177486930042505
0.0228200741112232
0.0410278104245663
0.0328243151307106
0.0265469010919333
0.0211270097643137
0.0187110081315041
0.0176179781556129
0.0177956130355597
0.0182042643427849
0.0115938950330019
0.0194565560668707
0.0180177949368954
0.0190147701650858
0.0301619432866573
0.0176021214574575
0.0125680081546307
0.0173300728201866
0.0186941679567099
0.0139973321929574
0.0141198113560677
0.0185515899211168
0.0138393323868513
0.0261061899363995
0.0852359756827354
0.0238775853067636
0.0164127629250288
0.0113623589277267
0.0203313454985619
0.0186991021037102
0.0085301026701927
0.0085166031494737
0.0087352050468326
0.0198749415576458
0.0273261610418558
0.0197754986584187
0.0184782724827528
0.0066854180768132
0.0079432409256697
0.0083960490301251
0.0179920773953199
0.0052148168906569
0.0198016185313463
0.0152634186670184
0.0173072125762701
0.0115042217075825
0.0869404748082161
0.0169455166906118
0.0129931010305882
0.0223643481731415
0.0162446424365044
0.0235769171267748
0.0552828274667263
0.0100869443267584
0.0229202341288328
0.0231635551899672
0.0174632631242275
0.0148422066122293
0.0148814413696527
0.0207817647606134
0.0120513718575239
0.0176906362175941
0.0134823136031628
0.0180539302527905
0.0199664440006018
0.0213118065148592
0.0191204212605953
0.0190700087696314
0.0206145495176315
0.0195336956530809
0.0205222386866808
0.0213625039905310
0.0195388551801443
0.0188796557486057
0.0211213678121567
0.0203926209360361
0.0208774413913488
0.0199875403195620
0.0193796008825302
0.0202745236456394
0.0156816691160202
0.0168981570750475
0.0254555474966764
0.0234242882579565
0.0193183030933142
0.0202157311141491
0.0187653638422489
0.0163928363472223
0.0158984325826168
0.0195749960839748
0.0200192239135504
0.0144417630508542
0.0175993274897337
0.0189145766198635
0.0167825650423765
0.0196578558534384
0.0237355399876833
0.0248185060918331
0.0167338997125626
0.0196267403662205
0.0207729805260897
0.0192114971578121
0.0188597273081541
0.0230988170951605
0.0181897953152657
0.0188050400465727
0.0218127202242613
0.0198193956166506
0.0226639006286860
0.0221609864383936
0.0219050515443087
0.0243576392531395
0.0225148107856512
0.0199190583080053
0.0232720971107483
0.0195507705211639
0.0169755537062883
0.0192130673676729
0.0209841392934322
0.0184573456645012
0.0187075398862362
0.0197426788508892
0.0196335278451443
0.0193607266992331
0.0256126765161753
0.0227076765149832
0.0193453989923000
0.0150382658466697
0.0190464090555906
0.0163855236023664
0.0139005118981004
0.0183020755648613
0.0264231227338314
0.0257550664246082
0.0220228172838688
0.0162906311452389
0.0183601491153240
0.0163121502846479
0.0122557766735554
0.0134706012904644
0.0204535964876413
0.0138163650408387
0.0188662502914667
0.0189911779016256
0.0173150189220905
0.0174711402505636
0.0246182326227427
0.0303593296557665
0.0174204763025045
0.0218375511467457
0.0203942861407995
0.0204860214143991
0.0231129061430693
0.0323024801909924
0.0191877223551273
0.0198471955955029
0.0206761900335550
0.0201374813914299
0.0206761900335550
0.0182924140244722
0.0259119290858507
0.0221277177333832
0.0204860214143991
0.0180859323590994
0.0206898935139179
0.0193173792213202
0.0180311519652605
0.0190690979361534
0.0219040066003799
0.0186311900615692
0.0185281857848167
0.0194607023149729
0.0206298958510160
0.0222713612020016
0.0260182432830334
0.0212995372712612
0.0199128501117229
0.0184306129813194
0.0204401556402445
0.0181505531072617
0.0146910203620791
0.0144144091755152
0.0191397089511156
0.0176077801734209
0.0204725563526154
0.0178229138255119
0.0199075918644667
0.0175150558352470
0.0164397247135639
0.0167375169694424
0.0187892541289330
0.0165923330932856
0.0201242435723543
0.0210313331335783
0.0208159051835537
0.0199654903262854
0.0249355342239141
0.0238789599388838
0.0214519053697586
0.0218231976032257
0.0198079869151115
0.0202361233532429
0.0258743967860937
0.0276835430413485
0.0217656586319208
0.0200500022619963
0.0197244938462973
0.0198760852217674
0.0200024191290140
0.0187942143529654
0.0196361690759659
0.0202414672821760
0.0197766367346048
0.0195895675569773
0.0152995456010103
0.0112815238535404
0.0161717087030411
0.0284521859139204
0.0236764419823885
0.0227511655539274
0.0146087855100632
0.0108865313231945
0.0133299687877297
0.0107154464349151
0.0166394356638193
0.0069041671231389
0.0038727447390556
0.0058231693692505
0.0144096072763205
0.0101939057931304
0.0073131737299263
0.0044755795970559
0.0028294054791331
0.0058231693692505
0.0204387381672859
0.0101965991780162
0.0140008637681603
0.0521353222429752
0.1128483042120934
0.1352532804012299
0.0303693283349276
0.0558395721018314
0.0404528789222240
0.0086046401411295
0.0190677791833878
0.0441119298338890
0.0267335865646601
0.0200327411293983
0.0189373418688774
0.0062550487928092
0.0081041278317571
0.0039815995842218
0.0106028858572245
0.0040784119628370
0.0059773703105748
0.0036234818398952
0.0055661336518824
0.0089309765025973
0.0111130308359861
0.0138391703367233
0.0188326444476843
0.0188724622130394
0.0143678197637200
0.0113742332905531
0.0197061914950609
0.0200419779866934
0.0205401405692101
0.0214489828795195
0.0207472369074821
0.0207089316099882
0.0208735987544060
0.0203404817730188
0.0204859878867865
0.0180049128830433
0.0202814973890781
0.0176239833235741
0.0176007356494665
0.0186828281730413
0.0215511508285999
0.0192689094692469
0.0191370993852615
0.0161365084350109
0.0139593286439776
0.0154731823131442
0.0180049128830433
0.0184427015483379
0.0208846218883991
0.0211230553686619
0.0268449522554874
0.0287143774330616
0.0225523058325052
0.0233890842646360
0.0230336785316467
0.0205455645918846
0.0213811397552490
0.0241546649485826
0.0217053163796663
0.0210840571671724
0.0222742054611444
0.0183020457625389
0.0190312974154949
0.0173378605395555
0.0188761819154024
0.0193913858383894
0.0184329673647881
0.0169889740645885
0.0184816960245371
0.0196075942367315
0.0194991901516914
0.0199153944849968
0.0166032165288925
0.0194221269339323
0.0203942507505417
0.0209674891084433
0.0211255196481943
0.0192152746021748
0.0191696751862764
0.0195272229611874
0.0199809167534113
0.0195840131491423
0.0199703704565763
0.0193782951682806
0.0195581801235676
0.0208045095205307
0.0205154400318861
0.0188236385583878
0.0178084541112185
0.0191494412720203
0.0205100234597921
0.0188634376972914
0.0184448547661304
0.0168257951736450
0.0153407547622919
0.0154749872162938
0.0222885701805353
0.0186111610382795
0.0204235725104809
0.0217824783176184
0.0242021661251783
0.0261623766273260
0.0213272552937269
0.0231460947543383
0.0212654117494822
0.0201132278889418
0.0226623732596636
0.0234350804239511
0.0241893902420998
0.0255076475441456
0.0225014090538025
0.0197136960923672
0.0184887330979109
0.0173811316490173
0.0179169178009033
0.0198075994849205
0.0167725756764412
0.0170133989304304
0.0183865129947662
0.0188435260206461
0.0186308249831200
0.0207660980522633
0.0198442377150059
0.0200549028813839
0.0192254241555929
0.0194654595106840
0.0196936167776585
0.0193790104240179
0.0196468811482191
0.0214919578284025
0.0220843870192766
0.0205867290496826
0.0196728315204382
0.0180171895772219
0.0203382354229689
0.0183290336281061
0.0211709681898355
0.0183387156575918
0.0165882408618927
0.0183580908924341
0.0210095010697842
0.0174001399427652
0.0159905496984720
0.0144947962835431
0.0136480629444122
0.0138989556580782
0.0190191529691219
0.0181844402104616
0.0199711080640554
0.0255490280687809
0.0288555864244699
0.0288784485310316
0.0217717848718166
0.0264550577849150
0.0234854966402054
0.0186906326562166
0.0245765112340450
0.0279779154807329
0.0215829331427813
0.0251873843371868
0.0241711344569921
0.0187747031450272
0.0178185179829597
0.0159147437661886
0.0182903632521629
0.0198711846023798
0.0176453143358231
0.0156977586448193
0.0165139604359865
0.0184894148260355
0.0188442245125771
0.0187252052128315
0.0199342351406813
0.0209264680743217
0.0196624472737312
0.0183969046920538
0.0204317178577185
0.0195814836770296
0.0186678022146225
0.0212458297610283
0.0221274010837078
0.0195350125432014
0.0183841381222010
0.0177545193582773
0.0200734995305538
0.0162303000688553
0.0208953898400068
0.0208953898400068
0.0171872526407242
0.0175448432564735
0.0215736497193575
0.0160682909190655
0.0141297085210681
0.0168103035539389
0.0148526094853878
0.0125138899311423
0.0194629430770874
0.0174985844641924
0.0200047232210636
0.0253767408430576
0.0271081179380417
0.0264366995543242
0.0205887444317341
0.0272084958851337
0.0236433278769255
0.0184278711676598
0.0277525931596756
0.0269938558340073
0.0185352116823196
0.0279068816453218
0.0281065143644810
0.0194783639162779
0.0176284164190292
0.0160259269177914
0.0183987040072680
0.0211898144334555
0.0189708638936281
0.0160386245697737
0.0156083786860108
0.0182728469371796
0.0183405075222254
0.0203993804752827
0.0209727622568607
0.0207141395658255
0.0188759434968233
0.0175309535115957
0.0202124174684286
0.0199000276625156
0.0193508621305227
0.0196131654083729
0.0202765520662069
0.0189815033227205
0.0196546316146851
0.0190971083939075
0.0203623808920383
0.0183798857033253
0.0203408896923065
0.0214720759540796
0.0191779453307390
0.0191880743950605
0.0213646404445171
0.0174668487161398
0.0159336384385824
0.0178161393851042
0.0165379308164120
0.0151581196114421
0.0195459686219692
0.0184236075729132
0.0202711988240480
0.0215971488505602
0.0221281237900257
0.0238887947052717
0.0201484858989716
0.0224695578217506
0.0205405540764332
0.0197743382304907
0.0235755350440741
0.0233278870582581
0.0204539746046066
0.0241742879152298
0.0241551492363214
0.0207970086485147
0.0193406473845243
0.0189214646816254
0.0186241082847118
0.0232418272644281
0.0191931407898664
0.0188466832041740
0.0183993037790060
0.0194430369883776
0.0195821225643158
0.0199737139046192
0.0197482518851757
0.0208574924618006
0.0194995831698179
0.0187721978873014
0.0201094094663858
0.0198299977928400
0.0201892014592886
0.0209272447973490
0.0211494099348783
0.0206201337277889
0.0205603390932083
0.0202693101018667
0.0195080600678921
0.0169787649065256
0.0204682704061270
0.0189446900039911
0.0180464237928391
0.0177440717816353
0.0207402426749468
0.0183103717863560
0.0175113882869482
0.0175669528543949
0.0158608071506023
0.0162765141576529
0.0205332152545452
0.0178851634263992
0.0208665616810322
0.0205332152545452
0.0240701455622911
0.0270850155502558
0.0202318858355284
0.0222314540296793
0.0228623673319817
0.0204089172184467
0.0220852084457874
0.0234801694750786
0.0216808207333088
0.0225506555289030
0.0227299667894840
0.0188897550106049
0.0190953277051449
0.0180702619254589
0.0190701391547918
0.0189296919852495
0.0185291953384876
0.0178615693002939
0.0187160167843103
0.0192573294043541
0.0194771829992533
0.0216065403074026
0.0190550405532122
0.0200035106390715
0.0202907249331474
0.0203014407306910
0.0196189228445292
0.0193667653948069
0.0200588535517454
0.0230835191905499
0.0235140714794397
0.0225534234195948
0.0205194801092148
0.0199637599289417
0.0190422926098108
0.0160523280501366
0.0208031125366688
0.0167670231312513
0.0165471527725458
0.0165690090507269
0.0200376808643341
0.0186295751482248
0.0184728540480137
0.0152912046760321
0.0147169176489115
0.0162484571337700
0.0225415173918009
0.0174673628062010
0.0210795346647501
0.0209022052586079
0.0266978573054075
0.0286325309425592
0.0195259135216475
0.0231018085032701
0.0251183621585369
0.0203039329499006
0.0241048987954855
0.0254521239548922
0.0203844960778952
0.0263408068567514
0.0238831937313080
0.0182884614914656
0.0183174535632133
0.0168246664106846
0.0176947880536318
0.0152307711541653
0.0169405490159988
0.0167007576674223
0.0175737477838993
0.0186936222016811
0.0184728540480137
0.0217408016324043
0.0201650429517031
0.0196189228445292
0.0197436232119799
0.0206008963286877
0.0206975862383842
0.0197370368987322
0.0200733486562967
0.0190409682691097
0.0181908849626780
0.0196642242372036
0.0208731815218925
0.0209892224520445
0.0204100012779236
0.0241669379174709
0.0162859763950109
0.0177778396755457
0.0197370368987322
0.0226832181215286
0.0208786930888891
0.0213468708097935
0.0225697215646505
0.0192787013947964
0.0184472035616636
0.0195400249212980
0.0189506988972425
0.0204369593411684
0.0203830786049366
0.0194730777293444
0.0200204253196716
0.0218716934323311
0.0202116053551435
0.0200151391327381
0.0194525253027678
0.0206103436648846
0.0195245537906885
0.0191367175430059
0.0225876048207283
0.0174523200839758
0.0195245537906885
0.0201742891222239
0.0198624879121780
0.0192990694195032
0.0190812256187201
0.0223621390759945
0.0185742601752281
0.0187318418174982
0.0207139831036329
0.0203561913222075
0.0205777212977409
0.0212176442146301
0.0171101614832878
0.0194063615053892
0.0202596876770258
0.0202329624444246
0.0194814689457417
0.0201191436499357
0.0204026307910681
0.0176638364791870
0.0161303598433733
0.0195846036076546
0.0226451158523560
0.0211484804749489
0.0230492260307074
0.0359433963894844
0.0118003170937300
0.0145138446241617
0.0211596488952637
0.0298944506794214
0.0227169692516327
0.0238099656999111
0.0239486582577229
0.0113301835954189
0.0178560707718134
0.0217371769249439
0.0161772705614567
0.0219911504536867
0.0185969881713390
0.0190743338316679
0.0185430590063334
0.0246868915855885
0.0152402976527810
0.0172081552445889
0.0160200204700232
0.0204835850745440
0.0168396346271038
0.0181699208915234
0.0275671444833279
0.0135510331019759
0.0162972975522280
0.0212492160499096
0.0206083413213491
0.0184892900288105
0.0196467470377684
0.0304520390927792
0.0182709340006113
0.0173221044242382
0.0224724058061838
0.0205594357103109
0.0223481617867947
0.0171401444822550
0.0141655774787068
0.0218291897326708
0.0201510377228260
0.0199130605906248
0.0183717478066683
0.0187045354396105
0.0197082683444023
0.0211308561265469
0.0207384675741196
0.0211979057639837
0.0230726208537817
0.0214003324508667
0.0191643964499235
0.0200970750302076
0.0147488536313176
0.0125949131324887
0.0170087143778801
0.0225189812481403
0.0203211531043053
0.0204395204782486
0.0289381053298712
0.0169638711959124
0.0098685845732689
0.0144558819010854
0.0155157186090946
0.0175840090960264
0.0223590377718210
0.0146440993994474
0.0217534955590963
0.0305232126265764
0.0260243061929941
0.0197134707123041
0.0209033694118261
0.0232376698404551
0.0269685424864292
0.0279987305402756
0.0210417900234461
0.0294856391847134
0.0269827861338854
0.0219091102480888
0.0191947761923075
0.0198126025497913
0.0127656385302544
0.0151874516159296
0.0122667578980327
0.0194858051836491
0.0202194768935442
0.0200176481157541
0.0191441681236029
0.0214739032089710
0.0145823722705245
0.0159013755619526
0.0201448835432529
0.0217133332043886
0.0185567159205675
0.0191540066152811
0.0211194008588791
0.0232189409434795
0.0213605146855116
0.0217474438250065
0.0218337345868349
0.0233110710978508
0.0162834841758013
0.0117654418572783
0.0189427994191647
0.0173165649175644
0.0184687431901693
0.0148894842714071
0.0174588654190302
0.0206453073769808
0.0317892841994762
0.0317222177982330
0.0129077872261405
0.0224355850368738
0.0202726367861032
0.0167455989867449
0.0232005603611469
0.0125151854008436
0.0203638244420290
0.0239283628761768
0.0201818551868200
0.0193726811558008
0.0247900057584047
0.0243296679109335
0.0209417361766100
0.0207217540591955
0.0161720979958773
0.0230540242046118
0.0237082820385695
0.0182940475642681
0.0186205115169287
0.0201658792793751
0.0150833465158939
0.0095935789868236
0.0167014487087727
0.0207710489630699
0.0207436475902796
0.0200279355049133
0.0185959506779909
0.0285582244396210
0.0168298054486513
0.0144594926387072
0.0209030713886023
0.0254263132810593
0.0180717334151268
0.0211009364575148
0.0205946099013090
0.0171106476336718
0.0163079500198364
0.0178253389894962
0.0227438248693943
0.0255520604550838
0.0178394634276628
0.0153067298233509
0.0159460753202438
0.0200951267033815
0.0266193412244320
0.0212406646460295
0.0191120151430368
0.0219590980559587
0.0301041323691607
0.0307873059064150
0.0190515648573637
0.0239200685173273
0.0168639924377203
0.0181195065379143
0.0217284280806780
0.0094047160819173
0.0117427483201027
0.0165595803409815
0.0152462348341942
0.0126369884237647
0.0161707606166601
0.0265842266380787
0.0168239735066891
0.0151739558205009
0.0169667042791843
0.0170475207269192
0.0192385725677013
0.0224278084933758
0.0223982222378254
0.0270800720900297
0.0170115549117327
0.0189712606370449
0.0211176555603743
0.0272090621292591
0.0278485864400864
0.0226360037922859
0.0213869623839855
0.0235939379781485
0.0136496825143695
0.0154773965477943
0.0215115398168564
0.0260836854577065
0.0202518533915281
0.0202679000794888
0.0189683958888054
0.0137779470533133
0.0135900955647230
0.0160027053207159
0.0208320878446102
0.0230425558984280
0.0207936260849237
0.0357060395181179
0.0127827059477568
0.0197085849940777
0.0248366128653288
0.0305640194565058
0.0205426327884197
0.0231400933116674
0.0198705419898033
0.0205860659480095
0.0275446195155382
0.0213160961866379
0.0195789355784655
0.0213048458099365
0.0190084967762232
0.0153651451691985
0.0112227238714695
0.0159268397837877
0.0170000083744526
0.0144256157800555
0.0124201104044914
0.0215367004275322
0.0147841777652502
0.0126517694443464
0.0252664871513844
0.0139794619753957
0.0145211406052113
0.0244527552276850
0.0228426791727543
0.0243047270923853
0.0182560048997402
0.0303069017827511
0.0190637800842524
0.0228970181196928
0.0265591703355312
0.0221420526504517
0.0219847839325666
0.0169596653431654
0.0169955212622881
0.0198967866599560
0.0196670051664114
0.0205534826964140
0.0191258899867535
0.0206804145127535
0.0209552068263292
0.0208448544144630
0.0195496026426554
0.0210050567984581
0.0222141910344362
0.0217442046850920
0.0207515135407448
0.0196582879871130
0.0174286384135485
0.0176928881555796
0.0204956177622080
0.0215157940983772
0.0215499009937048
0.0205715093761683
0.0217269901186228
0.0165410060435534
0.0171321127563715
0.0175162795931101
0.0191258899867535
0.0196479111909866
0.0211944468319416
0.0177069045603275
0.0198564920574427
0.0220564100891352
0.0186669547110796
0.0184124447405338
0.0199932567775249
0.0214420780539513
0.0212056394666433
0.0205715093761683
0.0182671938091516
0.0187311302870512
0.0211051106452942
0.0205769408494234
0.0209275633096695
0.0211888514459133
0.0170914549380541
0.0220738854259253
0.0191410444676876
0.0207679551094770
0.0215214733034372
0.0215157940983772
0.0212224423885345
0.0194107480347157
0.0157733596861362
0.0195289701223373
0.0210661441087723
0.0215101130306721
0.0200173333287239
0.0204607956111431
0.0197704937309027
0.0196611881256104
0.0195112358778715
0.0191489234566689
0.0203315671533346
0.0204014647752047
0.0200279057025909
0.0183763094246387
0.0213774107396603
0.0197079591453075
0.0194495227187872
0.0198384616523981
0.0209251269698143
0.0191337633877993
0.0194700714200735
0.0198279898613691
0.0157715231180191
0.0148384505882859
0.0189227778464556
0.0187784582376480
0.0206561833620071
0.0195318497717381
0.0223645884543657
0.0237834770232439
0.0235709510743618
0.0218337047845125
0.0202726088464260
0.0209417063742876
0.0217818878591061
0.0226797144860029
0.0202191602438688
0.0239725895226002
0.0226020123809576
0.0200226195156574
0.0197235736995935
0.0193011853843927
0.0179875213652849
0.0195679794996977
0.0186254028230906
0.0192859042435884
0.0196767654269934
0.0201073735952377
0.0192096829414368
0.0187289491295815
0.0179875232279301
0.0188032630831003
0.0200437754392624
0.0209693685173988
0.0181921944022179
0.0131376190111041
0.0141008058562875
0.0211799927055836
0.0210684575140476
0.0177088491618633
0.0140302525833249
0.0106729352846742
0.0124520789831877
0.0158335044980049
0.0322700105607510
0.0117184836417437
0.0061274683102965
0.0073731588199735
0.0134251220151782
0.0101668769493699
0.0052686454728246
0.0052672550082207
0.0039878510870039
0.0048176059499383
0.0306265112012625
0.0101347193121910
0.0126375397667289
0.0390978269279003
0.0627995505928993
0.1174360290169716
0.0382403284311295
0.0449577458202839
0.0254186093807220
0.0098680565133691
0.0186197850853205
0.0445795394480228
0.0442161932587624
0.0543408207595348
0.0174443628638983
0.0090066101402044
0.0097592445090413
0.0058600921183825
0.0117215765640140
0.0034316317178309
0.0057725710794330
0.0054153054952621
0.0076124896295369
0.0089947283267975
0.0102775217965245
0.0098889218643308
0.0365523919463158
0.0202397610992193
0.0139453206211329
0.0123050240799785
0.0208781994879246
0.0150852976366878
0.0182000640779734
0.0240835696458817
0.0230144355446100
0.0225156266242266
0.0160932615399361
0.0151891987770796
0.0155914193019271
0.0201951265335083
0.0222497247159481
0.0136922812089324
0.0075776772573590
0.0093398969620466
0.0149307744577527
0.0148051707074046
0.0081633515655994
0.0117887277156115
0.0123168472200632
0.0129026435315609
0.0394778251647949
0.0150177460163832
0.0156078916043043
0.0476165115833282
0.0495268888771534
0.0655200704932213
0.0333055071532726
0.0407808013260365
0.0276858713477850
0.0111059369519353
0.0158696547150612
0.0256047528237104
0.0336324274539948
0.0242943018674850
0.0150653980672359
0.0106465900316834
0.0132723134011030
0.0083928070962429
0.0164671707898378
0.0050917500630021
0.0092809079214931
0.0080818664282560
0.0102197229862213
0.0122876176610589
0.0142153222113848
0.0147272050380707
0.0428672172129154
0.0247082654386759
0.0164976324886084
0.0145187433809042
0.0220990944653749
0.0178822409361601
0.0183170456439257
0.0162910502403975
0.0176990684121847
0.0166563559323549
0.0177833773195744
0.0190770924091339
0.0178398024290800
0.0379277132451534
0.0196599643677473
0.0168821327388287
0.0129787214100361
0.0157955419272184
0.0147671857848763
0.0216772761195898
0.0122722806409001
0.0202285796403885
0.0211347900331020
0.0236692540347576
0.0252374485135078
0.0209846775978804
0.0130784679204226
0.0278859026730061
0.0213930159807205
0.0448973402380943
0.0411296971142292
0.0183170456439257
0.0121401604264975
0.0119651583954692
0.0091840690001845
0.0178964082151651
0.0441451221704483
0.0182446558028460
0.0092010553926229
0.0149634052067995
0.0194483119994402
0.0156792104244232
0.0209957603365183
0.0107121933251619
0.0105410655960441
0.0131130414083600
0.0175687186419964
0.0148257799446583
0.0203356686979532
0.0112187080085278
0.0450279079377651
0.0335195809602737
0.0194637216627598
0.0162480976432562
0.0202818401157856
0.0118800494819880
0.0139780053868890
0.0212913751602173
0.0222217198461294
0.0183023549616337
0.0131232943385839
0.0110452054068446
0.0141152106225491
0.0195975769311190
0.0207366384565830
0.0094197057187557
0.0050093899480999
0.0075581572018564
0.0140705639496446
0.0127409454435110
0.0085295764729381
0.0064271478913724
0.0046291719190776
0.0078489463776350
0.0269021652638912
0.0128286974504590
0.0127107081934810
0.0531050860881805
0.0848042741417885
0.1041676998138428
0.0348824411630630
0.0483924858272076
0.0275490153580904
0.0090324878692627
0.0180528182536364
0.0388597771525383
0.0428811348974705
0.0341895334422588
0.0174161437898874
0.0083491168916225
0.0089849224314094
0.0046561369672418
0.0135564282536507
0.0058955783024430
0.0059534483589232
0.0040141171775758
0.0064560575410724
0.0088110957294703
0.0110248122364283
0.0141899362206459
0.0312378685921431
0.0240532588213682
0.0130852395668626
0.0111506776884198
0.0126427905634046
0.0108793955296278
0.0140657592564821
0.0388260036706924
0.0306311491876841
0.0241532009094954
0.0126594919711351
0.0089133502915502
0.0094738397747278
0.0044373627752066
0.0246036984026432
0.0070674065500498
0.0032841223292053
0.0031168637797236
0.0103116929531097
0.0072068325243890
0.0059845014475286
0.0055801346898079
0.0019882081542164
0.0037843263708055
0.0256720017641783
0.0077433753758669
0.0115849040448666
0.0373481027781963
0.0977648124098778
0.1427943706512451
0.0375359095633030
0.0469789057970047
0.0396024212241173
0.0065413350239396
0.0255772937089205
0.0593589730560780
0.0113308243453503
0.0500518195331097
0.0252885818481445
0.0054118377156556
0.0072335181757808
0.0042013758793473
0.0063658589497209
0.0010205768048763
0.0040875920094550
0.0042236177250743
0.0042718378826976
0.0071992268785834
0.0088127376511693
0.0099113276228309
0.0327469408512115
0.0165453292429447
0.0130669660866261
0.0101175382733345
0.0205263402312994
0.0198338273912668
0.0189433470368385
0.0187988691031933
0.0198076609522104
0.0187889449298382
0.0198757592588663
0.0200232248753309
0.0189683679491282
0.0193476844578981
0.0214912332594395
0.0192001238465309
0.0184400454163551
0.0196254812180996
0.0197763126343489
0.0186850670725107
0.0184108577668667
0.0203482918441296
0.0153854181990027
0.0138289453461766
0.0215423572808504
0.0180594418197870
0.0204452164471149
0.0200814567506313
0.0222240071743727
0.0255009960383177
0.0243046917021275
0.0229151267558336
0.0199230406433344
0.0206895545125008
0.0231217406690121
0.0241639390587807
0.0223711729049683
0.0296969972550869
0.0232073552906513
0.0206241142004728
0.0189583543688059
0.0183962844312191
0.0166008230298758
0.0171532630920410
0.0162581820040941
0.0182367116212845
0.0191899891942739
0.0192559640854597
0.0182945765554905
0.0187097489833832
0.0211255885660648
0.0189033802598715
0.0195272881537676
0.0204128567129374
0.0199795011430979
0.0196343921124935
0.0197279173880816
0.0203575305640697
0.0213990602642298
0.0203682817518711
0.0202396363019943
0.0200164578855038
0.0188074037432671
0.0175922494381666
0.0210738927125931
0.0199005398899317
0.0191733781248331
0.0179677493870258
0.0191581975668669
0.0189319439232349
0.0191076863557100
0.0198114253580570
0.0181297548115253
0.0188372209668159
0.0227206721901894
0.0186590366065502
0.0203360449522734
0.0190824810415506
0.0203199442476034
0.0222869906574488
0.0191632565110922
0.0197957400232553
0.0206825602799654
0.0202396363019943
0.0219251662492752
0.0222340989857912
0.0201969332993031
0.0249069631099701
0.0217464603483677
0.0202556718140841
0.0195155330002308
0.0198900345712900
0.0181058403104544
0.0176947228610516
0.0180104933679104
0.0197644084692001
0.0196499489247799
0.0193871539086103
0.0195258408784866
0.0210905894637108
0.0221286937594414
0.0204167328774929
0.0200006105005741
0.0200534835457802
0.0181316416710615
0.0205757841467857
0.0219564083963633
0.0169333033263683
0.0148354265838861
0.0170859824866056
0.0207887273281813
0.0206192862242460
0.0214125886559486
0.0234854072332382
0.0234544258564711
0.0251142494380474
0.0236534085124731
0.0223305355757475
0.0202417410910130
0.0216570496559143
0.0202150382101536
0.0221076365560293
0.0205432176589966
0.0241965800523758
0.0156109118834138
0.0214125886559486
0.0200344007462263
0.0178797077387571
0.0168352406471968
0.0158936902880669
0.0232755430042744
0.0188093595206738
0.0164095945656300
0.0217200331389904
0.0118879033252597
0.0140910213813186
0.0233062878251076
0.0109711065888405
0.0130800697952509
0.0193380508571863
0.0221602264791727
0.0236971601843834
0.0226033721119165
0.0230432096868753
0.0250612646341324
0.0242605432868004
0.0245504789054394
0.0225437767803669
0.0211485419422388
0.0153858773410320
0.0144412666559219
0.0175662320107222
0.0207887273281813
0.0228553935885429
0.0167485624551773
0.0206108391284943
0.0216025020927191
0.0167574081569910
0.0159628521651030
0.0173745844513178
0.0221452992409468
0.0219822041690350
0.0208902172744274
0.0150263914838433
0.0263813585042953
0.0252168793231249
0.0239010266959667
0.0200579371303320
0.0211064163595438
0.0194992665201426
0.0223390720784664
0.0207254216074944
0.0166339948773384
0.0162949692457914
0.0197010692209005
0.0193148236721754
0.0241483841091394
0.0153714530169964
0.0174389202147722
0.0131196593865752
0.0191119313240051
0.0177923515439034
0.0175590347498655
0.0261594280600548
0.0174619555473328
0.0163466725498438
0.0155798168852925
0.0166296027600765
0.0188513528555632
0.0221511442214251
0.0222625359892845
0.0263813603669405
0.0148215191438794
0.0284729320555925
0.0235129985958338
0.0279737301170826
0.0254106819629669
0.0250509958714247
0.0197218842804432
0.0158704090863466
0.0112808132544160
0.0157618466764688
0.0200526416301727
0.0254308134317398
0.0197582002729177
0.0205075424164534
0.0213923379778862
0.0189760271459818
0.0152379944920540
0.0168282017111778
0.0230822749435902
0.0202814098447561
0.0208404697477818
0.0152621492743492
0.0215795226395130
0.0256666727364063
0.0217625983059406
0.0181336309760809
0.0236248038709164
0.0169709697365761
0.0227916240692139
0.0205508992075920
0.0096791554242373
0.0126168271526694
0.0172920729964972
0.0190513227134943
0.0222682300955057
0.0169664919376373
0.0228579062968493
0.0243659131228924
0.0221159029752016
0.0202921219170094
0.0185941774398088
0.0219530239701271
0.0211788006126881
0.0218778103590012
0.0171239860355854
0.0174618102610111
0.0250838752835989
0.0202653538435698
0.0201054867357016
0.0224927477538586
0.0138528030365705
0.0311795324087143
0.0195609759539366
0.0226416904479265
0.0211620368063450
0.0221159029752016
0.0215283110737801
0.0196075085550547
0.0107175102457404
0.0186138227581978
0.0211732108145952
0.0209563300013542
0.0171567816287279
0.0137262884527445
0.0193823296576738
0.0164298117160797
0.0142355887219310
0.0178168695420027
0.0171703752130270
0.0154089005663991
0.0214559528976679
0.0277326591312885
0.0158880837261677
0.0087166205048561
0.0061437217518687
0.0135248517617583
0.0213655121624470
0.0159679781645536
0.0090783089399338
0.0052271285094321
0.0063414704054594
0.0087697096168995
0.0140563314780593
0.0149402227252722
0.0171794425696135
0.0588201731443405
0.0893118306994438
0.0819683969020844
0.0390569083392620
0.0522176437079906
0.0281382780522108
0.0133933844044805
0.0096746794879436
0.0224112309515476
0.0597592964768410
0.0072229485958815
0.0109066031873226
0.0082617765292525
0.0121758757159114
0.0056609427556396
0.0207868795841932
0.0177183635532856
0.0113023249432445
0.0052631325088441
0.0100362952798605
0.0133158192038536
0.0137662086635828
0.0114979445934296
0.0094850026071072
0.0185316819697618
0.0154170375317335
0.0161844249814749
0.0187736786901951
0.0184201970696449
0.0228060148656368
0.0246531460434198
0.0205259118229151
0.0222294125705957
0.0206782035529613
0.0178552158176899
0.0192809961736202
0.0187637694180012
0.0281690787523985
0.0193523894995451
0.0137776406481862
0.0142173515632749
0.0186945460736752
0.0183425545692444
0.0155156217515469
0.0150397280231118
0.0111574837937951
0.0168210566043854
0.0219263304024935
0.0184542704373598
0.0202888604253531
0.0297906044870615
0.0371573530137539
0.0352184288203716
0.0316639021039009
0.0325539037585258
0.0268405210226774
0.0172437131404877
0.0155566353350878
0.0239096097648144
0.0255408901721239
0.0159601569175720
0.0158677287399769
0.0142023451626301
0.0173395778983831
0.0149802891537547
0.0178646463900805
0.0108581744134426
0.0164651740342379
0.0148699618875980
0.0163784660398960
0.0185666643083096
0.0186748150736094
0.0160319469869137
0.0198910906910896
0.0194240491837263
0.0210472140461206
0.0203586127609015
0.0189019255340099
0.0201595872640610
0.0207262299954891
0.0179014131426811
0.0169493854045868
0.0177133679389954
0.0204598400741816
0.0191935803741217
0.0212975516915321
0.0217349193990231
0.0218903999775648
0.0213651284575462
0.0204112865030766
0.0227086134254932
0.0204166751354933
0.0198952294886112
0.0224582105875015
0.0233469046652317
0.0162913035601377
0.0170211289077997
0.0155147518962622
0.0215577669441700
0.0201117433607578
0.0218615233898163
0.0214159544557333
0.0183512140065432
0.0279526729136705
0.0221754144877195
0.0177040174603462
0.0199952740222216
0.0179534740746021
0.0207262299954891
0.0198480132967234
0.0168556757271290
0.0185950566083193
0.0202770140022039
0.0202502664178610
0.0208689831197262
0.0182256810367107
0.0238956492394209
0.0201808866113424
0.0213538501411676
0.0209296755492687
0.0214272625744343
0.0204220656305552
0.0154330488294363
0.0160141270607710
0.0184776093810797
0.0206334181129932
0.0201489459723234
0.0192056801170111
0.0192361250519753
0.0207174066454172
0.0205811224877834
0.0215031281113625
0.0212604030966759
0.0207941215485334
0.0207941215485334
0.0188291464000940
0.0174505971372128
0.0209207683801651
0.0179600510746241
0.0179316252470016
0.0174736455082893
0.0183724816888571
0.0203005149960518
0.0221952535212040
0.0214577615261078
0.0184307768940926
0.0223894640803337
0.0218579880893230
0.0192310493439436
0.0207392964512110
0.0193532835692167
0.0217141993343830
0.0223127547651529
0.0209926906973124
0.0198343284428120
0.0213955380022526
0.0206191912293434
0.0190390869975090
0.0211819708347321
0.0211875624954700
0.0210259705781937
0.0192564502358437
0.0189488269388676
0.0196415279060602
0.0195380952209234
0.0188440661877394
0.0156314596533775
0.0177432615309954
0.0197350867092609
0.0201510060578585
0.0195639021694660
0.0194917265325785
0.0208766292780638
0.0211038254201412
0.0195949152112007
0.0202790889889002
0.0213109795004129
0.0164133831858635
0.0221010670065880
0.0219846814870834
0.0181071218103170
0.0172121785581112
0.0180117674171925
0.0213892776519060
0.0224480088800192
0.0207332298159599
0.0139131247997284
0.0201663952320814
0.0235715862363577
0.0254068337380886
0.0209643989801407
0.0201397929340601
0.0199703685939312
0.0232624858617783
0.0290302559733391
0.0222180709242821
0.0211645960807800
0.0143344365060329
0.0204667504876852
0.0207441784441471
0.0149647407233715
0.0149252852424979
0.0132639333605766
0.0184887293726206
0.0155445942655206
0.0165264327079058
0.0223180074244738
0.0161938741803169
0.0163571499288082
0.0126283513382077
0.0130796348676085
0.0180307980626822
0.0209865495562553
0.0229816939681768
0.0264331344515085
0.0188883524388075
0.0253532323986292
0.0272120106965303
0.0277855042368174
0.0248758681118488
0.0239289756864309
0.0224243160337210
0.0159309711307287
0.0139425406232476
0.0177474394440651
0.0220544375479221
0.0233794637024403
0.0172811858355999
0.0199132766574621
0.0193177945911884
0.0167422946542501
0.0202954094856977
0.0180744342505932
0.0193688590079546
0.0230008475482464
0.0189340636134148
0.0120332473888993
0.0183678604662418
0.0233557485044003
0.0239047016948462
0.0181749183684587
0.0190946962684393
0.0194457136094570
0.0209431331604719
0.0274150352925062
0.0273499730974436
0.0237662661820650
0.0201885327696800
0.0182711351662874
0.0225380063056946
0.0135977687314153
0.0133699495345354
0.0109596149995923
0.0114264311268926
0.0142444847151637
0.0180935300886631
0.0246090758591890
0.0208163522183895
0.0153941260650754
0.0126655977219343
0.0186857748776674
0.0218929126858711
0.0235352460294962
0.0214353818446398
0.0251609031111002
0.0178515519946814
0.0305570624768734
0.0256234370172024
0.0253275148570538
0.0231898594647646
0.0226872470229864
0.0203329510986805
0.0240566451102495
0.0163146927952766
0.0183921214193106
0.0192974042147398
0.0227052234113216
0.0169404651969671
0.0188919790089130
0.0186984650790691
0.0250454004853964
0.0308616645634174
0.0244508795440197
0.0197226852178574
0.0222282018512487
0.0178825482726097
0.0085840281099081
0.0202931147068739
0.0152709577232599
0.0177977699786425
0.0131583493202925
0.0188869908452034
0.0203682556748390
0.0263337194919586
0.0144740985706449
0.0159677173942327
0.0202022437006235
0.0243928506970406
0.0164295416325331
0.0235450118780136
0.0134640689939260
0.0229436680674553
0.0167935211211443
0.0097849704325199
0.0156092690303922
0.0270524714142084
0.0245673451572657
0.0314289927482605
0.0238830763846636
0.0103455027565360
0.0340823270380497
0.0304810963571072
0.0199373234063387
0.0181680638343096
0.0187577959150076
0.0142918387427926
0.0193105097860098
0.0192952230572701
0.0178212802857161
0.0176993738859892
0.0201223995536566
0.0177508480846882
0.0289439931511879
0.0160480123013258
0.0186688695102930
0.0182546041905880
0.0240666251629591
0.0161900166422129
0.0131596354767680
0.0164398271590471
0.0436172820627689
0.0389879755675793
0.0286654401570559
0.0136876013129950
0.0117629403248429
0.0140500580891967
0.0046838466078043
0.0168440081179142
0.0107986135408282
0.0052220388315618
0.0044382642954588
0.0162456780672073
0.0089955432340503
0.0070856562815607
0.0076192114502192
0.0056345639750361
0.0079186204820871
0.0237220227718353
0.0107360761612654
0.0159524232149124
0.0432846210896969
0.0819750800728798
0.0706344991922379
0.0175244156271219
0.0422348380088806
0.0523323118686676
0.0087219355627894
0.0378121025860310
0.0432503595948219
0.0082952333614230
0.0277642235159874
0.0385580584406853
0.0079395519569516
0.0096959229558706
0.0060941423289478
0.0119475945830345
0.0054502198472619
0.0101651139557362
0.0059134657494724
0.0052247960120440
0.0102243237197399
0.0131665868684649
0.0249488577246666
0.0258336048573256
0.0229640901088715
0.0149493329226971
0.0106373317539692
0.0166796632111073
0.0222354326397181
0.0228724945336580
0.0189480800181627
0.0167989823967218
0.0188731942325830
0.0222236942499876
0.0219438504427671
0.0219091195613146
0.0161979757249355
0.0210695918649435
0.0223236586898565
0.0239793062210083
0.0216104052960873
0.0211755428463221
0.0203533768653870
0.0224122367799282
0.0226920600980520
0.0201236307621002
0.0198702309280634
0.0149487834423780
0.0210918541997671
0.0206674262881279
0.0174406971782446
0.0177988596260548
0.0157385021448135
0.0201928131282330
0.0174176897853613
0.0173259675502777
0.0217362847179174
0.0153608480468392
0.0170491840690374
0.0146750677376986
0.0121699944138527
0.0168522857129574
0.0197812560945749
0.0228061694651842
0.0244265664368868
0.0193371996283531
0.0247903726994991
0.0263422857969999
0.0257713496685028
0.0243107657879591
0.0237901415675879
0.0223295539617538
0.0143456365913153
0.0133234513923526
0.0182991474866867
0.0221709534525871
0.0234162732958794
0.0186792872846127
0.0209469199180603
0.0199537184089422
0.0197284836322069
0.0209524519741535
0.0202295314520597
0.0203258916735649
0.0221878252923489
0.0185123700648546
0.0148774506524205
0.0188775863498449
0.0198381636291742
0.0225897394120693
0.0190729554742575
0.0186054650694132
0.0204604882746935
0.0231634564697742
0.0257977731525898
0.0237956792116165
0.0225301813334227
0.0206395182758570
0.0190779902040958
0.0202723015099764
0.0150512764230371
0.0157048068940639
0.0164517350494862
0.0155480438843369
0.0159597657620907
0.0189825333654881
0.0218506716191769
0.0205145739018917
0.0187138393521309
0.0151869840919971
0.0217528268694878
0.0209635160863400
0.0210856273770332
0.0208641346544027
0.0224115345627069
0.0190327148884535
0.0176952313631773
0.0216897483915091
0.0228355806320906
0.0221878252923489
0.0207542628049850
0.0202188547700644
0.0211023353040218
0.0206504184752703
0.0189174991101027
0.0205470956861973
0.0222112685441971
0.0201119128614664
0.0198429413139820
0.0193923804908991
0.0201757308095694
0.0222107563167810
0.0204600133001804
0.0199901647865772
0.0210073515772820
0.0182162150740623
0.0161075443029404
0.0206227004528046
0.0187183469533920
0.0192393995821476
0.0173295997083187
0.0189770851284266
0.0194179974496365
0.0195620656013489
0.0204978585243225
0.0186246894299984
0.0198115352541208
0.0217753052711487
0.0177088417112827
0.0202557854354382
0.0171974301338196
0.0202023796737194
0.0240731444209814
0.0178779494017363
0.0189670678228140
0.0214614123106003
0.0212527979165316
0.0214500837028027
0.0222577154636383
0.0215579476207495
0.0262159779667854
0.0219716411083937
0.0196396857500076
0.0193055439740419
0.0189871080219746
0.0200007222592831
0.0164253171533346
0.0184728875756264
0.0186837874352932
0.0197436586022377
0.0187777411192656
0.0190322753041983
0.0232425518333912
0.0221697464585304
0.0198429413139820
0.0199374593794346
0.0211967639625072
0.0189937036484480
0.0208433680236340
0.0188637785613537
0.0164744574576616
0.0173676852136850
0.0174826923757792
0.0203271154314280
0.0223833210766315
0.0177383944392204
0.0182225443422794
0.0178888831287622
0.0203647166490555
0.0266649108380079
0.0232997853308916
0.0181985050439835
0.0213840194046497
0.0268060732632875
0.0306209642440081
0.0235844645649195
0.0235595703125000
0.0167817380279303
0.0189686492085457
0.0196776539087296
0.0111255263909698
0.0113960430026054
0.0145290028303862
0.0170092154294252
0.0133979097008705
0.0155530851334333
0.0239736698567867
0.0182466134428978
0.0166098382323980
0.0186656229197979
0.0216967836022377
0.0191953424364328
0.0231893286108971
0.0216624401509762
0.0257041472941637
0.0200446788221598
0.0181840974837542
0.0211147516965866
0.0263013560324907
0.0257177241146564
0.0208543762564659
0.0200129523873329
0.0216281544417143
0.0184500589966774
0.0161472074687481
0.0203163865953684
0.0227767452597618
0.0170230008661747
0.0216971747577190
0.0212998911738396
0.0187598261982203
0.0162716004997492
0.0189139880239964
0.0230189599096775
0.0216456837952137
0.0213223975151777
0.0181460622698069
0.0160497482866049
0.0197092052549124
0.0280148517340422
0.0255760028958321
0.0221018660813570
0.0210539046674967
0.0292621497064829
0.0187647789716721
0.0180743467062712
0.0224606785923243
0.0129700750112534
0.0204891189932823
0.0205270182341337
0.0120809338986874
0.0136732980608940
0.0148786166682839
0.0142971603199840
0.0135977016761899
0.0164921637624502
0.0242478121072054
0.0182324983179569
0.0170860346406698
0.0153981167823076
0.0139209777116776
0.0197821855545044
0.0225081648677588
0.0225498005747795
0.0262394137680531
0.0193687658756971
0.0278232134878635
0.0252006668597460
0.0276474822312593
0.0258543416857719
0.0230554509907961
0.0223660040646791
0.0188691020011902
0.0111639760434628
0.0165488626807928
0.0211877245455980
0.0227771569043398
0.0206267889589071
0.0159372948110104
0.0218429639935493
0.0230942331254482
0.0183986686170101
0.0232963114976883
0.0191166270524263
0.0173788536339998
0.0199730247259140
0.0261727664619684
0.0162217020988464
0.0114214494824409
0.0099695241078734
0.0148879131302238
0.0195246655493975
0.0197997745126486
0.0181047488003969
0.0133464913815260
0.0133500136435032
0.0239827539771795
0.0155671956017613
0.0192635469138622
0.0179098397493362
0.0370845459401608
0.0474171973764896
0.0475049018859863
0.0347068160772324
0.0331748463213444
0.0304069668054581
0.0146346176043153
0.0113973524421453
0.0195040572434664
0.0423957705497742
0.0078321425244212
0.0125602027401328
0.0102714141830802
0.0154240177944303
0.0101126655936241
0.0304390918463469
0.0116283381357789
0.0154729587957263
0.0102119306102395
0.0134917376562953
0.0148486625403166
0.0175819043070078
0.0218487307429314
0.0160174388438463
0.0189008414745331
0.0188559871166945
0.0170876868069172
0.0181070137768984
0.0210252422839403
0.0202890951186419
0.0152598740532994
0.0130106778815389
0.0158637240529060
0.0217765960842371
0.0226622335612774
0.0197813492268324
0.0217823442071676
0.0168969165533781
0.0213609356433153
0.0293382629752159
0.0276244264096022
0.0205044839531183
0.0228062793612480
0.0325199216604233
0.0289000850170851
0.0195632241666317
0.0230727437883615
0.0122635848820210
0.0207659713923931
0.0204720329493284
0.0104119451716542
0.0112641593441367
0.0125916553661227
0.0195528995245695
0.0131731219589710
0.0141613241285086
0.0254940278828144
0.0141053581610322
0.0132218990474939
0.0188633222132921
0.0121251558884978
0.0160025320947170
0.0221827682107687
0.0227701831609011
0.0280136652290821
0.0200124699622393
0.0252929124981165
0.0242020189762115
0.0291298832744360
0.0286645311862230
0.0233669839799404
0.0212540552020073
0.0192050151526928
0.0105197029188275
0.0137959970161319
0.0207988899201155
0.0241764765232801
0.0187617894262075
0.0212908759713173
0.0191470813006163
0.0162604209035635
0.0168949365615845
0.0172646678984165
0.0206051804125309
0.0225045774132013
0.0179573260247707
0.0183260980993509
0.0199520997703075
0.0212011318653822
0.0271154381334782
0.0232166759669781
0.0184815730899572
0.0211843475699425
0.0247875880450010
0.0283750835806131
0.0228036083281040
0.0219993889331818
0.0171646848320961
0.0185696091502905
0.0197999309748411
0.0111445300281048
0.0116714891046286
0.0153388651087880
0.0179289057850838
0.0138053130358458
0.0154159981757402
0.0246570538729429
0.0172418914735317
0.0165768302977085
0.0200789198279381
0.0222799405455589
0.0183842480182648
0.0229788646101952
0.0220691952854395
0.0259048752486706
0.0203349776566029
0.0173285938799381
0.0214601699262857
0.0268235243856907
0.0264229029417038
0.0210672263056040
0.0196126420050859
0.0196748748421669
0.0181575454771519
0.0158451236784458
0.0203188788145781
0.0238126013427973
0.0202441588044167
0.0197479613125324
0.0199260171502829
0.0196854993700981
0.0210452396422625
0.0202655475586653
0.0207967031747103
0.0217455811798573
0.0183214787393808
0.0184476692229509
0.0197949372231960
0.0171558279544115
0.0182538870722055
0.0178912878036499
0.0187471583485603
0.0208186749368906
0.0212405994534492
0.0200632605701685
0.0164028927683830
0.0202121175825596
0.0213023722171783
0.0180335510522127
0.0199998002499342
0.0175961833447218
0.0220054592937231
0.0289504937827587
0.0201056785881519
0.0197897125035524
0.0207967031747103
0.0212911274284124
0.0189062040299177
0.0224810913205147
0.0257008224725723
0.0243083219975233
0.0196491535753012
0.0188116077333689
0.0191119555383921
0.0178582575172186
0.0194735713303089
0.0151339042931795
0.0167795661836863
0.0171151123940945
0.0202227924019098
0.0186730641871691
0.0192588400095701
0.0217628087848425
0.0214151460677385
0.0200315043330193
0.0204482711851597
0.0221804343163967
0.0204741582274437
0.0195962749421597
0.0195497684180737
0.0211722552776337
0.0212450437247753
0.0208395291119814
0.0201950091868639
0.0202377066016197
0.0194416847079992
0.0198671463876963
0.0193137899041176
0.0180135313421488
0.0183011386543512
0.0190907381474972
0.0203394740819931
0.0199144072830677
0.0193341970443726
0.0165892504155636
0.0159704294055700
0.0173370037227869
0.0216870587319136
0.0183495171368122
0.0206751320511103
0.0197468772530556
0.0230568721890450
0.0258900877088308
0.0192934051156044
0.0223437771201134
0.0223378762602806
0.0208175331354141
0.0226346906274557
0.0225630998611450
0.0221149027347565
0.0250034071505070
0.0224561337381601
0.0196948144584894
0.0187609810382128
0.0176463890820742
0.0181855484843254
0.0171006247401237
0.0174933206290007
0.0171730127185583
0.0187016408890486
0.0191918052732944
0.0188802294433117
0.0218191426247358
0.0199723225086927
0.0194109119474888
0.0195394475013018
0.0206369590014219
0.0218589287251234
0.0189196504652500
0.0179371312260628
0.0196787081658840
0.0218185707926750
0.0197620056569576
0.0187307968735695
0.0192521959543228
0.0187357440590858
0.0203765593469143
0.0182668697088957
0.0182524062693119
0.0181946754455566
0.0185732245445251
0.0199244022369385
0.0191407017409801
0.0180988591164351
0.0166458450257778
0.0172771494835615
0.0184705387800932
0.0224081687629223
0.0177862364798784
0.0194463059306145
0.0198247116059065
0.0221962090581656
0.0267580132931471
0.0165101718157530
0.0216864887624979
0.0217897891998291
0.0201784912496805
0.0240319855511189
0.0232334639877081
0.0254892781376839
0.0294491872191429
0.0239622984081507
0.0201146677136421
0.0177440252155066
0.0161779411137104
0.0205223243683577
0.0186962131410837
0.0172134097665548
0.0155539168044925
0.0174651741981506
0.0173869654536247
0.0180797558277845
0.0252415090799332
0.0231722071766853
0.0208005048334599
0.0182958263903856
0.0188697688281536
0.0170144252479076
0.0149893704801798
0.0172450598329306
0.0190195962786674
0.0206470824778080
0.0181704703718424
0.0168668385595083
0.0143769914284348
0.0162119641900063
0.0197878852486610
0.0250288899987936
0.0121869379654527
0.0068396124988794
0.0104236407205462
0.0154555058106780
0.0130390515550971
0.0061040148139000
0.0066931401379406
0.0056930757127702
0.0056065660901368
0.0305495839565992
0.0128273656591773
0.0153741156682372
0.0491600073873997
0.0617388263344765
0.0930530875921249
0.0386103317141533
0.0463861189782619
0.0220266748219728
0.0115876588970423
0.0171633046120405
0.0387635231018066
0.0370231606066227
0.0345945246517658
0.0156815573573112
0.0115662645548582
0.0123619185760617
0.0074013872072101
0.0098380753770471
0.0072850720025599
0.0069671841338277
0.0064400676637888
0.0100959287956357
0.0127497129142284
0.0136411767452955
0.0079272603616118
0.0308331735432148
0.0251281969249249
0.0166720487177372
0.0151524953544140
0.0197974909096956
0.0157389510422945
0.0162326823920012
0.0289160311222076
0.0291613508015871
0.0206135250627995
0.0145712485536933
0.0133908307179809
0.0153046147897840
0.0104839075356722
0.0240370333194733
0.0160706490278244
0.0081518813967705
0.0081907128915191
0.0158682856708765
0.0121158417314291
0.0093959718942642
0.0162241142243147
0.0071664927527308
0.0076939365826547
0.0229820981621742
0.0142216049134731
0.0155983110889792
0.0389259457588196
0.0527619309723377
0.0563765875995159
0.0376226045191288
0.0398619063198566
0.0290691182017326
0.0103957131505013
0.0305805560201406
0.0419566631317139
0.0142366308718920
0.0427956804633141
0.0302513334900141
0.0120584042742848
0.0123548647388816
0.0092997280880809
0.0119348876178265
0.0070111677050591
0.0096371481195092
0.0084834136068821
0.0082188695669174
0.0125190308317542
0.0149216093122959
0.0166537370532751
0.0361046195030212
0.0242922101169825
0.0171128027141094
0.0126352431252599
0.0190368238836527
0.0208411086350679
0.0186537485569715
0.0180625189095736
0.0205406825989485
0.0175177548080683
0.0200055018067360
0.0220059212297201
0.0186389815062284
0.0153231779113412
0.0210012830793858
0.0218265596777201
0.0231562275439501
0.0190720371901989
0.0190770719200373
0.0202659741044044
0.0222924407571554
0.0247884038835764
0.0172424595803022
0.0183897074311972
0.0183945614844561
0.0182976946234703
0.0201645735651255
0.0131581081077456
0.0156419854611158
0.0190066937357187
0.0180196538567543
0.0155022097751498
0.0165686234831810
0.0229069348424673
0.0218035224825144
0.0212018303573132
0.0168999526649714
0.0298829600214958
0.0231623407453299
0.0232726689428091
0.0209017191082239
0.0235073175281286
0.0164552852511406
0.0211459305137396
0.0189766101539135
0.0223042145371437
0.0222277939319611
0.0207149442285299
0.0201007947325706
0.0202232189476490
0.0195100009441376
0.0196703281253576
0.0200742799788713
0.0225648097693920
0.0207317583262920
0.0191834997385740
0.0181776788085699
0.0183755028992891
0.0219425316900015
0.0194076355546713
0.0189519450068474
0.0198218859732151
0.0187479145824909
0.0198114216327667
0.0198061913251877
0.0186787489801645
0.0190774407237768
0.0190221201628447
0.0190422181040049
0.0196343902498484
0.0181824788451195
0.0177321303635836
0.0199057888239622
0.0198166538029909
0.0227326676249504
0.0182113032788038
0.0195000804960728
0.0190321654081345
0.0198952816426754
0.0228108204901218
0.0164991039782763
0.0194640774279833
0.0199005361646414
0.0207536611706018
0.0222340952605009
0.0223577041178942
0.0247757975012064
0.0291356835514307
0.0217120368033648
0.0210294276475906
0.0187627691775560
0.0179061889648438
0.0204113423824310
0.0198847819119692
0.0177743136882782
0.0172610115259886
0.0190573055297136
0.0181680824607611
0.0184679068624973
0.0225176382809877
0.0241111684590578
0.0212582871317863
0.0186541099101305
0.0196707081049681
0.0193844828754663
0.0193180684000254
0.0207343772053719
0.0216346718370914
0.0209600273519754
0.0213453341275454
0.0213002990931273
0.0202261637896299
0.0206034202128649
0.0189143475145102
0.0190446246415377
0.0157686583697796
0.0155947813764215
0.0184312704950571
0.0213228035718203
0.0191656723618507
0.0192874949425459
0.0147693213075399
0.0124240200966597
0.0145372180268168
0.0192773137241602
0.0182521119713783
0.0212553609162569
0.0235231593251228
0.0305171888321638
0.0327978283166885
0.0240062307566404
0.0257594529539347
0.0237540584057570
0.0201834905892611
0.0219975095242262
0.0257730558514595
0.0229163207113743
0.0218932256102562
0.0225740578025579
0.0180080104619265
0.0183923859149218
0.0159571077674627
0.0168578512966633
0.0178801063448191
0.0160712562501431
0.0157146323472261
0.0176549591124058
0.0192773137241602
0.0189643483608961
0.0189393311738968
0.0167381148785353
0.0195592604577541
0.0199925750494003
0.0207453276962042
0.0181630738079548
0.0098444623872638
0.0121370349079370
0.0103317433968186
0.0099332230165601
0.0110629014670849
0.0112930703908205
0.0093554295599461
0.0075942864641547
0.0067169615067542
0.0032081606332213
0.0059504071250558
0.0050613186322153
0.0109034273773432
0.0066026803106070
0.0117244627326727
0.1383546441793442
0.1339340955018997
0.0395957119762897
0.0402066670358181
0.0353932268917561
0.0144892372190952
0.0147011540830135
0.0308287572115660
0.0138241052627563
0.0094372909516096
0.0579095259308815
0.0530919618904591
0.0138423657044768
0.0117554571479559
0.0103072253987193
0.0065488647669554
0.0024702937807888
0.0440871864557266
0.0109872249886394
0.0093061625957489
0.0084624318405986
0.0051380577497184
0.0029288725927472
0.0326895751059055
0.0041951225139201
0.0061322129331529
0.0089212553575635
0.0087371217086911
0.0072437580674887
0.0170299652963877
0.0354961566627026
0.0047858278267086
0.0082746502012014
0.0090112062171102
0.0212351642549038
0.0191727541387081
0.0196908544749022
0.0180479846894741
0.0177362393587828
0.0190969780087471
0.0192183628678322
0.0182781442999840
0.0190768241882324
0.0172194894403219
0.0165072847157717
0.0173976980149746
0.0168818961828947
0.0205566883087158
0.0181579049676657
0.0194583106786013
0.0296468343585730
0.0302077773958445
0.0245795529335737
0.0265492908656597
0.0208628568798304
0.0202764160931110
0.0199946817010641
0.0230218246579170
0.0189113486558199
0.0191879440099001
0.0290042776614428
0.0243599116802216
0.0206273607909679
0.0197846498340368
0.0182011015713215
0.0171288121491671
0.0152463121339679
0.0247619170695543
0.0184088982641697
0.0188963748514652
0.0183167904615402
0.0167354606091976
0.0144621869549155
0.0270730592310429
0.0152987269684672
0.0175684727728367
0.0185014680027962
0.0177128445357084
0.0174114834517241
0.0223157033324242
0.0251772012561560
0.0166473295539618
0.0176428388804197
0.0177456066012383
0.0203803982585669
0.0196720231324434
0.0190686471760273
0.0192304197698832
0.0206675659865141
0.0198966115713120
0.0193833298981190
0.0184058640152216
0.0198441557586193
0.0186110846698284
0.0160872805863619
0.0173032302409410
0.0162709448486567
0.0193373318761587
0.0180259644985199
0.0193322263658047
0.0262868888676167
0.0243494696915150
0.0261760856956244
0.0261691771447659
0.0215365123003721
0.0203803982585669
0.0204991120845079
0.0219613872468472
0.0187987294048071
0.0165613051503897
0.0251730550080538
0.0211645103991032
0.0203105732798576
0.0197866111993790
0.0198127459734678
0.0196201577782631
0.0167150422930717
0.0232071857899427
0.0196201577782631
0.0198913607746363
0.0193067248910666
0.0179926846176386
0.0169595163315535
0.0243494696915150
0.0174546334892511
0.0183961484581232
0.0188783053308725
0.0190133508294821
0.0186012610793114
0.0207440946251154
0.0219729859381914
0.0186356678605080
0.0190183706581593
0.0191392526030540
0.0203688573092222
0.0195676758885384
0.0194697696715593
0.0174585711210966
0.0171978212893009
0.0188029706478119
0.0190779827535152
0.0184440687298775
0.0199747905135155
0.0196764618158340
0.0171570070087910
0.0174125395715237
0.0183420982211828
0.0230171475559473
0.0188278071582317
0.0196245834231377
0.0270604118704796
0.0275578629225492
0.0270389895886183
0.0258727874606848
0.0180967934429646
0.0200593452900648
0.0193059816956520
0.0231023766100407
0.0186005458235741
0.0186595655977726
0.0286256726831198
0.0225123353302479
0.0192296802997589
0.0203151535242796
0.0192144569009542
0.0172296315431595
0.0144898174330592
0.0221643988043070
0.0191789809614420
0.0198433920741081
0.0185662023723125
0.0181638039648533
0.0162359923124313
0.0263344980776310
0.0169320218265057
0.0193161778151989
0.0196556933224201
0.0179587714374065
0.0174355395138264
0.0191284157335758
0.0246850941330194
0.0174079462885857
0.0177279543131590
0.0178736355155706
0.0207486115396023
0.0176857430487871
0.0190074499696493
0.0175369624048471
0.0169318877160549
0.0179396774619818
0.0179302077740431
0.0175740402191877
0.0160271897912025
0.0166350286453962
0.0139381578192115
0.0155849009752274
0.0147716579958797
0.0175972543656826
0.0155069204047322
0.0177278146147728
0.0385347716510296
0.0436485148966312
0.0320581831037998
0.0287542082369328
0.0246263165026903
0.0197752509266138
0.0203740745782852
0.0222756806761026
0.0174676533788443
0.0158128459006548
0.0315377227962017
0.0270887911319733
0.0202453918755054
0.0200010184198618
0.0187532491981983
0.0160229578614235
0.0155274039134383
0.0260576643049717
0.0189373288303614
0.0179871004074812
0.0163952335715294
0.0151028959080577
0.0138026718050241
0.0268183927983046
0.0136612886562943
0.0164168886840343
0.0176577512174845
0.0166306383907795
0.0162230096757412
0.0217928830534220
0.0301535986363888
0.0138867367058992
0.0167673025280237
0.0160610750317574
0.0204334408044815
0.0190226174890995
0.0190880168229342
0.0182262063026428
0.0180824268609285
0.0190276391804218
0.0192906521260738
0.0183033570647240
0.0180728808045387
0.0169677808880806
0.0156055735424161
0.0163953248411417
0.0160019118338823
0.0190980955958366
0.0175278019160032
0.0185955930501223
0.0309767834842205
0.0326821841299534
0.0259411223232746
0.0276160649955273
0.0197284296154976
0.0196349024772644
0.0210633147507906
0.0221059117466211
0.0183711331337690
0.0173895321786404
0.0311243329197168
0.0221234261989594
0.0212700702250004
0.0200064107775688
0.0208365544676781
0.0186349097639322
0.0158589202910662
0.0261542983353138
0.0202081259340048
0.0196920055896044
0.0174723640084267
0.0169007219374180
0.0146127138286829
0.0281683113425970
0.0149403847754002
0.0174815915524960
0.0183178596198559
0.0179397761821747
0.0170621126890182
0.0211524739861488
0.0240418799221516
0.0160781349986792
0.0174125023186207
0.0172614622861147
0.0202196855098009
0.0199019294232130
0.0197605714201927
0.0188435092568398
0.0187096707522869
0.0198914241045713
0.0202036798000336
0.0189232714474201
0.0204343385994434
0.0176539644598961
0.0171079672873020
0.0184351000934839
0.0180165078490973
0.0207058601081371
0.0193731598556042
0.0194500293582678
0.0238784682005644
0.0242341123521328
0.0233856160193682
0.0249481908977032
0.0181214511394501
0.0195065941661596
0.0204127710312605
0.0221594702452421
0.0191747173666954
0.0189682878553867
0.0260589532554150
0.0211254991590977
0.0205045901238918
0.0202517397701740
0.0195168964564800
0.0192457176744938
0.0168435573577881
0.0213836114853621
0.0193220824003220
0.0202143490314484
0.0195478368550539
0.0187987908720970
0.0161639600992203
0.0263495016843081
0.0174731314182281
0.0191443674266338
0.0195633266121149
0.0188783630728722
0.0185816865414381
0.0215138476341963
0.0204775407910347
0.0188534613698721
0.0188335627317429
0.0189332664012909
0.0207883995026350
0.0195172559469938
0.0196932312101126
0.0182610582560301
0.0187842510640621
0.0196672547608614
0.0192003957927227
0.0180358737707138
0.0204941425472498
0.0194144770503044
0.0172215700149536
0.0179408956319094
0.0171806998550892
0.0213163662701845
0.0184208434075117
0.0197765920311213
0.0265805516391993
0.0256431289017200
0.0247910730540752
0.0271192509680986
0.0201295129954815
0.0204671081155539
0.0197036322206259
0.0242857933044434
0.0189636293798685
0.0185037013143301
0.0257584750652313
0.0235098507255316
0.0202147215604782
0.0199865382164717
0.0185085888952017
0.0171399265527725
0.0150323156267405
0.0214461963623762
0.0187050756067038
0.0196050461381674
0.0191649477928877
0.0180168393999338
0.0170002263039351
0.0248238183557987
0.0170631743967533
0.0192867610603571
0.0189536176621914
0.0178087651729584
0.0179883223026991
0.0197974871844053
0.0239926502108574
0.0179598517715931
0.0183335151523352
0.0180025752633810
0.0224198736250401
0.0184753108769655
0.0184168741106987
0.0182715877890587
0.0200668144971132
0.0187603831291199
0.0179275609552860
0.0170145183801651
0.0185829289257526
0.0178049262613058
0.0168624799698591
0.0164318084716797
0.0153701417148113
0.0187752470374107
0.0166501477360725
0.0188298504799604
0.0311442203819752
0.0326082296669483
0.0317418724298477
0.0327808596193790
0.0235544778406620
0.0207839217036963
0.0203549377620220
0.0211715791374445
0.0164448283612728
0.0160544626414776
0.0259439963847399
0.0220326110720634
0.0199085157364607
0.0200880169868469
0.0183974355459213
0.0164926517754793
0.0125593608245254
0.0264488365501165
0.0187208037823439
0.0197879951447248
0.0183974355459213
0.0183974336832762
0.0157065019011497
0.0216978192329407
0.0159320197999477
0.0193693414330482
0.0180510375648737
0.0175482649356127
0.0170280002057552
0.0202852003276348
0.0292089898139238
0.0161565076559782
0.0173960495740175
0.0171452816575766
0.0236518383026123
0.0164953712373972
0.0180921833962202
0.0152272637933493
0.0172388907521963
0.0146786114200950
0.0160783194005489
0.0168207939714193
0.0138065516948700
0.0159388538450003
0.0153119200840592
0.0185467787086964
0.0191994216293097
0.0172753389924765
0.0129760215058923
0.0195472035557032
0.0342188887298107
0.0513981916010380
0.0406355038285255
0.0228840634226799
0.0412625037133694
0.0267128590494394
0.0191033594310284
0.0131207006052136
0.0117343328893185
0.0131449699401855
0.0170803368091583
0.0197547171264887
0.0132180489599705
0.0201178677380085
0.0123738208785653
0.0128668602555990
0.0094877202063799
0.0438571870326996
0.0128397159278393
0.0190479643642902
0.0189877152442932
0.0177421644330025
0.0115835126489401
0.0108093852177262
0.0143415275961161
0.0187535695731640
0.0188180431723595
0.0183859020471573
0.0162747651338577
0.0152353066951036
0.0655630007386208
0.0138906417414546
0.0176161490380764
0.0162532962858677
0.0224021729081869
0.0177720915526152
0.0174328647553921
0.0160714592784643
0.0168402716517448
0.0168313812464476
0.0168847907334566
0.0168003067374229
0.0164926871657372
0.0182571616023779
0.0142523916438222
0.0168625153601170
0.0171770341694355
0.0223018564283848
0.0162420757114887
0.0184899866580963
0.0366926044225693
0.0335248522460461
0.0330590382218361
0.0242421813309193
0.0329023115336895
0.0212668552994728
0.0190549232065678
0.0250489097088575
0.0194924958050251
0.0172999091446400
0.0321807041764259
0.0328762643039227
0.0173731390386820
0.0198246408253908
0.0171724986284971
0.0147150214761496
0.0102085722610354
0.0262263957411051
0.0180367864668369
0.0184802282601595
0.0182042196393013
0.0148202842101455
0.0130632696673274
0.0267932638525963
0.0147812096402049
0.0166986044496298
0.0177720915526152
0.0165231935679913
0.0154719548299909
0.0231171324849129
0.0250952392816544
0.0137970205396414
0.0154923908412457
0.0175807625055313
0.0213086195290089
0.0197172798216343
0.0190923418849707
0.0193103142082691
0.0175364073365927
0.0205516982823610
0.0192594025284052
0.0192644894123077
0.0194844268262386
0.0212805103510618
0.0154166296124458
0.0161328073590994
0.0176385566592216
0.0248935334384441
0.0206005871295929
0.0188718494027853
0.0221927948296070
0.0198164284229279
0.0194330532103777
0.0240536779165268
0.0160902719944715
0.0180817525833845
0.0187724679708481
0.0260843671858311
0.0228648278862238
0.0225649960339069
0.0341901294887066
0.0246776025742292
0.0218555685132742
0.0187081508338451
0.0225352291017771
0.0167358145117760
0.0149872340261936
0.0167977847158909
0.0227144174277782
0.0199318584054708
0.0174717120826244
0.0166081748902798
0.0171971376985312
0.0319810882210732
0.0157041791826487
0.0180150438100100
0.0182399675250053
0.0174994096159935
0.0168244130909443
0.0279229339212179
0.0165032763034105
0.0171336941421032
0.0166388954967260
0.0188121572136879
0.0219361968338490
0.0190971232950687
0.0198737904429436
0.0190417449921370
0.0177926514297724
0.0201591402292252
0.0194020308554173
0.0183653477579355
0.0192591398954391
0.0205839965492487
0.0172651391476393
0.0176522899419069
0.0172742586582899
0.0220697969198227
0.0195356644690037
0.0193713214248419
0.0262983590364456
0.0243022833019495
0.0169983003288507
0.0247490312904119
0.0189514718949795
0.0193559862673283
0.0194430518895388
0.0257012210786343
0.0218437332659960
0.0239140540361404
0.0304803717881441
0.0256064031273127
0.0218610391020775
0.0188915301114321
0.0202017631381750
0.0161325857043266
0.0139228142797947
0.0205459911376238
0.0208905711770058
0.0199263263493776
0.0179246626794338
0.0172150749713182
0.0162995476275682
0.0272597335278988
0.0146583337336779
0.0182156581431627
0.0180815048515797
0.0176057480275631
0.0175361670553684
0.0230524055659771
0.0210900623351336
0.0170252472162247
0.0174714718014002
0.0178679656237364
0.0222409088164568
0.0173348095268011
0.0191236324608326
0.0191741846501827
0.0201711431145668
0.0187140926718712
0.0187833867967129
0.0169099215418100
0.0163480471819639
0.0154827162623405
0.0151831805706024
0.0163999218493700
0.0144709069281816
0.0156512111425400
0.0150952525436878
0.0195266641676426
0.0424897596240044
0.0443815216422081
0.0232925470918417
0.0297274272888899
0.0275291614234447
0.0218971651047468
0.0225423853844404
0.0232495423406363
0.0171391386538744
0.0176301896572113
0.0217588637024164
0.0261961836367846
0.0212535746395588
0.0191995128989220
0.0182553958147764
0.0146322511136532
0.0094104325398803
0.0347195304930210
0.0184005536139011
0.0188529379665852
0.0174818746745586
0.0178220551460981
0.0136543754488230
0.0193062499165535
0.0146670611575246
0.0183084886521101
0.0166397858411074
0.0176069308072329
0.0163092501461506
0.0159810632467270
0.0323223322629929
0.0138723831623793
0.0167986825108528
0.0160614233464003
0.0226633138954639
0.0180220287293196
0.0182181596755981
0.0179650261998177
0.0192770455032587
0.0182566754519939
0.0177107322961092
0.0167378820478916
0.0178987476974726
0.0170861240476370
0.0164444260299206
0.0161390602588654
0.0155329313129187
0.0190493892878294
0.0163794346153736
0.0189090929925442
0.0347586534917355
0.0358679704368114
0.0322308577597141
0.0320442020893097
0.0248900372534990
0.0209708046168089
0.0203061364591122
0.0213675890117884
0.0160075183957815
0.0166102275252342
0.0250945743173361
0.0237537268549204
0.0195125732570887
0.0199448503553867
0.0177950933575630
0.0154348257929087
0.0108044864609838
0.0298947896808386
0.0183146055787802
0.0195899959653616
0.0181749239563942
0.0179555416107178
0.0141134764999151
0.0211152434349060
0.0150168109685183
0.0189240761101246
0.0178987476974726
0.0173406023532152
0.0164661463350058
0.0201672315597534
0.0323758386075497
0.0154389012604952
0.0167378820478916
0.0167909935116768
0.0199170839041471
0.0190882645547390
0.0206942949444056
0.0188280101865530
0.0174587592482567
0.0196974631398916
0.0201604329049587
0.0184540078043938
0.0195937342941761
0.0170938950031996
0.0165477376431227
0.0188379567116499
0.0170398280024529
0.0191235747188330
0.0184686314314604
0.0194289013743401
0.0305306464433670
0.0296567846089602
0.0204769112169743
0.0238210670650005
0.0196922626346350
0.0200436804443598
0.0208368282765150
0.0245488863438368
0.0194289013743401
0.0203314702957869
0.0257844254374504
0.0263974294066429
0.0217300932854414
0.0199644640088081
0.0178549643605947
0.0165477376431227
0.0164085309952497
0.0218566693365574
0.0183713734149933
0.0187288615852594
0.0187387540936470
0.0175234079360962
0.0154336970299482
0.0297194886952639
0.0161506664007902
0.0183713734149933
0.0185027923434973
0.0178031884133816
0.0181065481156111
0.0207818914204836
0.0229203756898642
0.0169054064899683
0.0181161109358072
0.0174818206578493
0.0145698254927993
0.0179865658283234
0.0202287603169680
0.0193103514611721
0.0144587028771639
0.0180913340300322
0.0241555441170931
0.0221168044954538
0.0165556743741035
0.0109380530193448
0.0156050212681293
0.0193665102124214
0.0226426143199205
0.0185606032609940
0.0216774735599756
0.0212244447320700
0.0332730151712894
0.0276223774999380
0.0093950536102057
0.0101051740348339
0.0186342466622591
0.0156009020283818
0.0233344249427319
0.0362922027707100
0.0368521884083748
0.0332203544676304
0.0178965702652931
0.0461719110608101
0.0231625735759735
0.0188768673688173
0.0231625735759735
0.0204381141811609
0.0115341469645500
0.0219191722571850
0.0215235035866499
0.0145852183923125
0.0176292769610882
0.0161925759166479
0.0122271152213216
0.0313045196235180
0.0226964801549911
0.0144015597179532
0.0183801855891943
0.0195927843451500
0.0164380837231874
0.0135781830176711
0.0070550423115492
0.0129377869889140
0.0152587434276938
0.0212188418954611
0.0152743896469474
0.0194273553788662
0.0191372018307447
0.0185062047094107
0.0183796118944883
0.0206163078546524
0.0221453290432692
0.0198577474802732
0.0177314151078463
0.0146271809935570
0.0091114165261388
0.0139299519360065
0.0132065536454320
0.0189361758530140
0.0175683312118053
0.0202548503875732
0.0329137891530991
0.0198472663760185
0.0115216132253408
0.0158871989697218
0.0231190882623196
0.0169219207018614
0.0201535075902939
0.0448608025908470
0.0416972935199738
0.0208021923899651
0.0362145081162453
0.0399621240794659
0.0232967697083950
0.0157618690282106
0.0243147388100624
0.0255924891680479
0.0179101936519146
0.0205294080078602
0.0213925428688526
0.0139778414741158
0.0161323361098766
0.0096945939585567
0.0122882174327970
0.0403011552989483
0.0154610145837069
0.0095372032374144
0.0159376077353954
0.0181242376565933
0.0167972948402166
0.0178535431623459
0.0072818980552256
0.0153877176344395
0.0176706649363041
0.0221453290432692
0.0192537810653448
0.0175729915499687
0.0175359174609184
0.0177548583596945
0.0185845624655485
0.0184233561158180
0.0196543671190739
0.0175590794533491
0.0143517898395658
0.0131613230332732
0.0138164311647415
0.0149709945544600
0.0133115816861391
0.0146736111491919
0.0155469868332148
0.0173059627413750
0.0395737290382385
0.0399516224861145
0.0171649083495140
0.0256466306746006
0.0270871724933386
0.0180478617548943
0.0239642709493637
0.0256060380488634
0.0234139505773783
0.0181769691407681
0.0371637232601643
0.0260217376053333
0.0247813705354929
0.0187026914209127
0.0264581516385078
0.0241739619523287
0.0160643570125103
0.0384613312780857
0.0232169795781374
0.0187669880688190
0.0152824763208628
0.0129305711016059
0.0110538415610790
0.0284504666924477
0.0112273637205362
0.0125372763723135
0.0158244296908379
0.0174989197403193
0.0157827064394951
0.0201748255640268
0.0172876976430416
0.0132065694779158
0.0162263251841068
0.0165945608168840
0.0186000037938356
0.0144283231347799
0.0146238990128040
0.0114674475044012
0.0128189027309418
0.0132840080186725
0.0154086556285620
0.0143409799784422
0.0106503460556269
0.0113980295136571
0.0045746322721243
0.0096566630527377
0.0100334864109755
0.0171203128993511
0.0097772292792797
0.0145661039277911
0.0585403926670551
0.0814278796315193
0.0593809150159359
0.0358923301100731
0.0346447937190533
0.0183706395328045
0.0188471525907516
0.0241047888994217
0.0180676262825727
0.0085659222677350
0.0697751045227051
0.0318550243973732
0.0138498321175575
0.0182594303041697
0.0170796811580658
0.0153518076986074
0.0070383599959314
0.0302167106419802
0.0152911357581615
0.0163344033062458
0.0134676303714514
0.0089899199083447
0.0058138240128756
0.0358260609209538
0.0082572847604752
0.0099176093935966
0.0154902283102274
0.0145430490374565
0.0109844477847219
0.0194281283766031
0.0246127992868423
0.0083581712096930
0.0130338892340660
0.0156340226531029
0.0189820788800716
0.0153721673414111
0.0171883367002010
0.0161202903836966
0.0127447340637445
0.0161032769829035
0.0179015453904867
0.0159047003835440
0.0121950479224324
0.0087580485269427
0.0082791550084949
0.0118804480880499
0.0110280923545361
0.0144589059054852
0.0135140018537641
0.0152147077023983
0.0711520314216614
0.0690060704946518
0.0249993037432432
0.0244058724492788
0.0229014400392771
0.0157334767282009
0.0205954760313034
0.0284892916679382
0.0196085814386606
0.0177743975073099
0.0515051558613777
0.0400484241545200
0.0212808474898338
0.0164687205106020
0.0178590640425682
0.0139858527109027
0.0096950298175216
0.0383818708360195
0.0179062746465206
0.0135783720761538
0.0125875743106008
0.0094249946996570
0.0061925076879561
0.0496755912899971
0.0086958426982164
0.0099807018414140
0.0136971855536103
0.0137878851965070
0.0124323507770896
0.0266204588115215
0.0202985908836126
0.0095577975735068
0.0126341832801700
0.0133932419121265
0.0205394849181175
0.0186625141650438
0.0193447507917881
0.0197055656462908
0.0193141307681799
0.0199463292956352
0.0194420255720615
0.0178528800606728
0.0184469856321812
0.0164369624108076
0.0162085779011250
0.0177494902163744
0.0155751463025808
0.0176280755549669
0.0176933482289314
0.0187613144516945
0.0332180857658386
0.0291180480271578
0.0212398096919060
0.0248787403106689
0.0233266744762659
0.0197472274303436
0.0216988939791918
0.0256930831819773
0.0197524409741163
0.0192428790032864
0.0251893624663353
0.0280540771782398
0.0229964870959520
0.0194522943347692
0.0196121446788311
0.0169794633984566
0.0151373362168670
0.0245071668177843
0.0199832245707512
0.0186034850776196
0.0181714706122875
0.0166377890855074
0.0155054004862905
0.0285924319177866
0.0158279985189438
0.0176094695925713
0.0171914603561163
0.0173556283116341
0.0174475051462650
0.0225337333977222
0.0209834333509207
0.0160087030380964
0.0172096211463213
0.0171869210898876
0.0202416591346264
0.0193124655634165
0.0201882924884558
0.0198605395853519
0.0189138539135456
0.0198134053498507
0.0206682533025742
0.0197872687131166
0.0187993571162224
0.0170408673584461
0.0163188073784113
0.0179269034415483
0.0180789921432734
0.0191550571471453
0.0188988801091909
0.0197455231100321
0.0261493269354105
0.0287185646593571
0.0221425946801901
0.0238476879894733
0.0189088620245457
0.0193993337452412
0.0213673263788223
0.0219389386475086
0.0202256347984076
0.0197090655565262
0.0239359941333532
0.0226152203977108
0.0209927037358284
0.0203005261719227
0.0205268729478121
0.0186264496296644
0.0153209641575813
0.0218637734651566
0.0202256347984076
0.0197350997477770
0.0188988801091909
0.0195432640612125
0.0163360480219126
0.0237848144024611
0.0182564519345760
0.0192971751093864
0.0195071827620268
0.0195845849812031
0.0183385722339153
0.0196830686181784
0.0203756969422102
0.0171446539461613
0.0186313670128584
0.0193175636231899
0.0188676621764898
0.0207050517201424
0.0179920364171267
0.0230780504643917
0.0236891712993383
0.0199379622936249
0.0203635301440954
0.0214846301823854
0.0202937629073858
0.0175001453608274
0.0343816503882408
0.0224886294454336
0.0231451652944088
0.0165039710700512
0.0244968887418509
0.0198748968541622
0.0127349784597754
0.0107353711500764
0.0095656216144562
0.0124820079654455
0.0145089924335480
0.0184052009135485
0.0216783415526152
0.0141758043318987
0.0205146167427301
0.0253723040223122
0.0142546147108078
0.0118901720270514
0.0231696199625731
0.0180681962519884
0.0249801650643349
0.0257026534527540
0.0234712902456522
0.0227093771100044
0.0238082949072123
0.0198224969208241
0.0194646790623665
0.0254393760114908
0.0260098204016685
0.0178218502551317
0.0269250851124525
0.0215926673263311
0.0178548153489828
0.0222113132476807
0.0207926928997040
0.0184003449976444
0.0102182542905211
0.0213602073490620
0.0183615218847990
0.0206941198557615
0.0201376155018806
0.0194171629846096
0.0172831676900387
0.0234882887452841
0.0267956163734198
0.0209455359727144
0.0186829864978790
0.0189112555235624
0.0190515667200089
0.0159250404685736
0.0262980349361897
0.0182154327630997
0.0172285009175539
0.0149354962632060
0.0194787736982107
0.0190013367682695
0.0195663925260305
0.0167133025825024
0.0209621321409941
0.0224041398614645
0.0230460371822119
0.0192690715193748
0.0227438285946846
0.0164593365043402
0.0158328171819448
0.0171287301927805
0.0117551563307643
0.0161281283944845
0.0249652806669474
0.0192436538636684
0.0238885190337896
0.0233091451227665
0.0223568715155125
0.0313946865499020
0.0227738693356514
0.0199523996561766
0.0191929172724485
0.0209013465791941
0.0215456429868937
0.0141374673694372
0.0206654146313667
0.0199998635798693
0.0172740444540977
0.0196959581226110
0.0195302665233612
0.0235690362751484
0.0206708721816540
0.0202602632343769
0.0182780548930168
0.0185895059257746
0.0212392210960388
0.0191208105534315
0.0182575210928917
0.0208668448030949
0.0237297564744949
0.0199247244745493
0.0182238146662712
0.0186521485447884
0.0187409911304712
0.0171094853430986
0.0218304470181465
0.0174286086112261
0.0172318760305643
0.0165191590785980
0.0178147200495005
0.0190351884812117
0.0186127945780754
0.0217613987624645
0.0296759959310293
0.0282167103141546
0.0227843467146158
0.0205714777112007
0.0206204112619162
0.0135303642600775
0.0131743559613824
0.0147386398166418
0.0134591115638614
0.0139511274173856
0.0208668448030949
0.0201628450304270
0.0195650607347488
0.0214646980166435
0.0231481250375509
0.0307933427393436
0.0189449470490217
0.0213066134601831
0.0196582563221455
0.0205606184899807
0.0180895999073982
0.0120401624590158
0.0168183892965317
0.0199563112109900
0.0193288978189230
0.0200778543949127
0.0198564603924751
0.0243517048656940
0.0360500067472458
0.0212280098348856
0.0201681666076183
0.0187409911304712
0.0214921627193689
0.0185140147805214
0.0179888438433409
0.0190595425665379
0.0191250704228878
0.0183728113770485
0.0185335744172335
0.0180649906396866
0.0171404276043177
0.0129121281206608
0.0132610481232405
0.0145025914534926
0.0160711165517569
0.0218756999820471
0.0171404276043177
0.0229888334870338
0.0510641522705555
0.0278749652206898
0.0203062389045954
0.0165097583085299
0.0350814908742905
0.0214581452310085
0.0183776617050171
0.0361820012331009
0.0254550147801638
0.0234919209033251
0.0207396689802408
0.0455361418426037
0.0187897589057684
0.0152284801006317
0.0159275047481060
0.0142107568681240
0.0068286922760308
0.0479037798941135
0.0165752675384283
0.0128204161301255
0.0170501619577408
0.0110614104196429
0.0098145930096507
0.0221956539899111
0.0163881685584784
0.0117259770631790
0.0151362931355834
0.0166894309222698
0.0150724919512868
0.0188643131405115
0.0206795278936625
0.0142520843073726
0.0148004163056612
0.0188643131405115
0.0202087182551622
0.0197759401053190
0.0196095760911703
0.0248557887971401
0.0241762474179268
0.0211642663925886
0.0219727344810963
0.0213945936411619
0.0183038953691721
0.0148660680279136
0.0233236178755760
0.0187588538974524
0.0173946321010590
0.0143077485263348
0.0214511509984732
0.0209530089050531
0.0241826325654984
0.0193882267922163
0.0085100503638387
0.0157135184854269
0.0174821037799120
0.0190885756164789
0.0240108687430620
0.0200704820454121
0.0254467166960239
0.0275950096547604
0.0192657709121704
0.0183522813022137
0.0269897971302271
0.0170041546225548
0.0251130275428295
0.0223943889141083
0.0160998422652483
0.0288084037601948
0.0241762474179268
0.0175468381494284
0.0174774900078773
0.0209474768489599
0.0195733718574047
0.0226560402661562
0.0217878911644220
0.0175653770565987
0.0160066038370132
0.0216788742691278
0.0192200485616922
0.0173076000064611
0.0111369062215090
0.0168744679540396
0.0176910310983658
0.0203210674226284
0.0199471116065979
0.0201854985207319
0.0189462173730135
0.0187917929142714
0.0185502674430609
0.0193148907274008
0.0197219531983137
0.0198106635361910
0.0197427924722433
0.0204861406236887
0.0197063386440277
0.0191625207662582
0.0206981543451548
0.0224870759993792
0.0207528695464134
0.0194273982197046
0.0203567482531071
0.0197219513356686
0.0201961584389210
0.0199207998812199
0.0176427345722914
0.0192131772637367
0.0200262591242790
0.0215115193277597
0.0211790520697832
0.0207200236618519
0.0263675265014172
0.0199840087443590
0.0199523791670799
0.0201110299676657
0.0225584283471107
0.0202121604233980
0.0170610137283802
0.0197063386440277
0.0219243224710226
0.0207857694476843
0.0191170442849398
0.0197115428745747
0.0193199906498194
0.0252569429576397
0.0196751486510038
0.0200580079108477
0.0197271592915058
0.0193250905722380
0.0183990728110075
0.0201322790235281
0.0163596812635660
0.0185257978737354
0.0180764906108379
0.0194325279444456
0.0212672706693411
0.0188650880008936
0.0202374961227179
0.0182768069207668
0.0168272666633129
0.0187855679541826
0.0197832006961107
0.0192372612655163
0.0176229290664196
0.0167829021811485
0.0152572738006711
0.0170193798840046
0.0175718236714602
0.0206585489213467
0.0180466640740633
0.0200407784432173
0.0327210463583469
0.0347877964377403
0.0216525085270405
0.0234990864992142
0.0211888104677200
0.0202268138527870
0.0202214755117893
0.0243581291288137
0.0212111994624138
0.0212841220200062
0.0302215218544006
0.0272791311144829
0.0204253569245338
0.0193595346063375
0.0188352297991514
0.0163068380206823
0.0132475942373276
0.0255975797772408
0.0189199503511190
0.0180561952292919
0.0175023786723614
0.0162552613765001
0.0137137649580836
0.0268291756510735
0.0154192447662354
0.0168095063418150
0.0183929782360792
0.0180514287203550
0.0168628450483084
0.0203984137624502
0.0237799212336540
0.0150810712948442
0.0171819031238556
0.0180419012904167
0.0216392837464809
0.0186604410409927
0.0201452020555735
0.0172031708061695
0.0154791409149766
0.0178508963435888
0.0184644237160683
0.0189784076064825
0.0169283486902714
0.0174547843635082
0.0161342043429613
0.0156641304492950
0.0165177825838327
0.0210866089910269
0.0175657272338867
0.0199125483632088
0.0375229157507420
0.0395364835858345
0.0217366181313992
0.0239290818572044
0.0203536879271269
0.0204722471535206
0.0189233757555485
0.0244398396462202
0.0212935954332352
0.0216449946165085
0.0381824448704720
0.0279622394591570
0.0207278486341238
0.0184303335845470
0.0182994287461042
0.0150997368618846
0.0142364436760545
0.0272049494087696
0.0185768809169531
0.0161044150590897
0.0154832275584340
0.0142289306968451
0.0137488758191466
0.0304995272308588
0.0141764357686043
0.0152077516540885
0.0171487554907799
0.0165920816361904
0.0157470554113388
0.0203053858131170
0.0267703495919704
0.0133906546980143
0.0158597026020288
0.0164785832166672
0.0213927831500769
0.0184917598962784
0.0185602307319641
0.0162865705788136
0.0172149986028671
0.0184771195054054
0.0169578846544027
0.0170882139354944
0.0181387979537249
0.0168241076171398
0.0152947343885899
0.0141301164403558
0.0153311202302575
0.0224813409149647
0.0157537236809731
0.0193559005856514
0.0303357392549515
0.0356269702315331
0.0435082875192165
0.0374101884663105
0.0233339592814445
0.0202871859073639
0.0181053075939417
0.0241614375263453
0.0154652660712600
0.0144851580262184
0.0247228015214205
0.0256943218410015
0.0197690464556217
0.0198003835976124
0.0174621734768152
0.0155348321422935
0.0156335737556219
0.0286013633012772
0.0168019160628319
0.0174529552459717
0.0167134348303080
0.0136245908215642
0.0135385394096375
0.0190115235745907
0.0133998617529869
0.0162393413484097
0.0180289912968874
0.0151021433994174
0.0154041470959783
0.0234946757555008
0.0418963804841042
0.0155225340276957
0.0164551213383675
0.0155964726582170
0.0201188214123249
0.0153855839744210
0.0151038682088256
0.0087287444621325
0.0089527936652303
0.0111725768074393
0.0124760959297419
0.0141728296875954
0.0145366182550788
0.0190941803157330
0.0088447257876396
0.0125189879909158
0.0232628136873245
0.0435247607529163
0.0121350055560470
0.0191194005310535
0.0307342298328876
0.0478769503533840
0.1186294332146645
0.0267423521727324
0.0255619380623102
0.0236092898994684
0.0118157137185335
0.0192256942391396
0.0096015613526106
0.0100555606186390
0.0228067412972450
0.0275885444134474
0.0076211332343519
0.0197348017245531
0.0091850161552429
0.0071570146828890
0.0038343325722963
0.0276541709899902
0.0093637499958277
0.0169553477317095
0.0169061813503504
0.0124859809875488
0.0076594580896199
0.0128504969179630
0.0124071184545755
0.0178699307143688
0.0209039021283388
0.0127423945814371
0.0104617513716221
0.0136513542383909
0.0899332761764526
0.0113329933956265
0.0121158007532358
0.0137780755758286
0.0160572342574596
0.0094353379681706
0.0133338095620275
0.0124657237902284
0.0106480233371258
0.0121249165385962
0.0133796511217952
0.0105250515043736
0.0067155710421503
0.0035949840676039
0.0033379441592842
0.0057454281486571
0.0045184269547462
0.0065095932222903
0.0063786013051867
0.0109473150223494
0.1207415908575058
0.1967217326164246
0.0364670641720295
0.0460162274539471
0.0277627930045128
0.0107895089313388
0.0171663574874401
0.0262308642268181
0.0137194553390145
0.0092919627204537
0.0384544245898724
0.0445224754512310
0.0170399323105812
0.0120961442589760
0.0119280731305480
0.0094378283247352
0.0044053513556719
0.0485111922025681
0.0114649496972561
0.0081472275778651
0.0077917180024087
0.0053093442693353
0.0025231663603336
0.0212312061339617
0.0043235453777015
0.0054470621980727
0.0091073876246810
0.0092186620458961
0.0080786887556314
0.0168520361185074
0.0299718026071787
0.0049401530995965
0.0097467517480254
0.0088257165625691
0.0206660702824593
0.0196861848235130
0.0203144643455744
0.0170525666326284
0.0155352000147104
0.0173431355506182
0.0190019384026527
0.0207042954862118
0.0179439466446638
0.0185851883143187
0.0197225976735353
0.0176246911287308
0.0210904702544212
0.0236633047461510
0.0195308849215508
0.0215122234076262
0.0295538529753685
0.0319137945771217
0.0215577054768801
0.0187280215322971
0.0197225958108902
0.0214895177632570
0.0187775306403637
0.0211629774421453
0.0212918687611818
0.0226247720420361
0.0296711195260286
0.0242899227887392
0.0191277656704187
0.0193614698946476
0.0185117349028587
0.0169403888285160
0.0158877521753311
0.0276370700448751
0.0183560065925121
0.0167712923139334
0.0169627647846937
0.0163170825690031
0.0155106130987406
0.0253312215209007
0.0176712814718485
0.0167226586490870
0.0191126223653555
0.0184531826525927
0.0168289504945278
0.0180532336235046
0.0257492568343878
0.0149359684437513
0.0166214276105165
0.0183754023164511
0.0222120247781277
0.0189031660556793
0.0207549668848515
0.0184203740209341
0.0170942991971970
0.0191695187240839
0.0192201919853687
0.0187689028680325
0.0186552815139294
0.0189631469547749
0.0159182287752628
0.0169192012399435
0.0169058050960302
0.0214399881660938
0.0181117560714483
0.0204341933131218
0.0322547964751720
0.0330827124416828
0.0209365747869015
0.0255478732287884
0.0200812295079231
0.0207275897264481
0.0191290751099586
0.0255276504904032
0.0212203729897738
0.0220309831202030
0.0309207253158092
0.0276316665112972
0.0203588064759970
0.0188682656735182
0.0175423379987478
0.0144178159534931
0.0125021953135729
0.0221417695283890
0.0183524172753096
0.0175887104123831
0.0173901710659266
0.0166665054857731
0.0154585279524326
0.0266360696405172
0.0158427637070417
0.0177566707134247
0.0180163774639368
0.0173993557691574
0.0169236697256565
0.0196149013936520
0.0254805181175470
0.0151995336636901
0.0172484293580055
0.0176119413226843
0.0216268729418516
0.0197024773806334
0.0194697957485914
0.0184830892831087
0.0187831521034241
0.0196661017835140
0.0189375039190054
0.0186546631157398
0.0197806544601917
0.0191032085567713
0.0195573735982180
0.0184440929442644
0.0183518100529909
0.0214449390769005
0.0191891361027956
0.0194338485598564
0.0222700051963329
0.0234650690108538
0.0236454084515572
0.0259001590311527
0.0204443074762821
0.0199063830077648
0.0193315073847771
0.0213771089911461
0.0187336299568415
0.0195832066237926
0.0254796762019396
0.0212028715759516
0.0205471143126488
0.0199590064585209
0.0192856304347515
0.0185662284493446
0.0184538345783949
0.0224945433437824
0.0192805398255587
0.0198906231671572
0.0189175158739090
0.0176625773310661
0.0170847121626139
0.0219837743788958
0.0162660460919142
0.0187385752797127
0.0190931241959333
0.0179351083934307
0.0183760505169630
0.0236891433596611
0.0244516339153051
0.0186595898121595
0.0185711309313774
0.0181255061179399
0.0196458548307419
0.0204394441097975
0.0195217747241259
0.0171438939869404
0.0164218042045832
0.0189580060541630
0.0181211940944195
0.0189329981803894
0.0220017656683922
0.0296337995678186
0.0222647059708834
0.0217189826071262
0.0226381123065948
0.0277484320104122
0.0220774076879025
0.0195527225732803
0.0166531931608915
0.0130483973771334
0.0157135259360075
0.0158426538109779
0.0173121783882380
0.0201873965561390
0.0165480133146048
0.0237837582826614
0.0227579567581415
0.0237900391221046
0.0282585304230452
0.0224239770323038
0.0180781893432140
0.0190432816743851
0.0186748616397381
0.0165567528456450
0.0201341714709997
0.0128365596756339
0.0199069008231163
0.0198177602142096
0.0195630472153425
0.0182508248835802
0.0245687440037727
0.0288236271589994
0.0197029914706945
0.0205802246928215
0.0195992328226566
0.0176257714629173
0.0190483089536428
0.0206237360835075
0.0161765385419130
0.0201288573443890
0.0182460080832243
0.0188731141388416
0.0237820856273174
0.0180673748254776
0.0177271924912930
0.0182832982391119
0.0186834093183279
0.0171880051493645
0.0167844314128160
0.0176571309566498
0.0163903310894966
0.0251112692058086
0.0216087941080332
0.0227263383567333
0.0225411038845778
0.0209183823317289
0.0181774161756039
0.0180387794971466
0.0249329134821892
0.0228165127336979
0.0226365197449923
0.0164553672075272
0.0332992039620876
0.0223928224295378
0.0191579163074493
0.0177506096661091
0.0174532122910023
0.0206767991185188
0.0222631394863129
0.0234764199703932
0.0161114726215601
0.0202393401414156
0.0182736460119486
0.0147244185209274
0.0120858419686556
0.0234640296548605
0.0204380061477423
0.0224046502262354
0.0201753228902817
0.0207150448113680
0.0197432581335306
0.0181438531726599
0.0175919905304909
0.0225113686174154
0.0191225465387106
0.0187773611396551
0.0185115709900856
0.0211795531213284
0.0262085273861885
0.0170659255236387
0.0177038107067347
0.0178116336464882
0.0263120327144861
0.0158621706068516
0.0161665622144938
0.0242508128285408
0.0255454257130623
0.0195768065750599
0.0189964007586241
0.0155019983649254
0.0137183805927634
0.0112244682386518
0.0157453473657370
0.0179292485117912
0.0119051169604063
0.0100756315514445
0.0158537961542606
0.0149513399228454
0.0449441038072109
0.0363009274005890
0.0144012169912457
0.0243985131382942
0.0345979742705822
0.0149671351537108
0.0243470352143049
0.0275561697781086
0.0264303870499134
0.0243791956454515
0.0342345423996449
0.0313037745654583
0.0220463238656521
0.0167442876845598
0.0235007889568806
0.0179055966436863
0.0061939097940922
0.0283381957560778
0.0262357350438833
0.0177643448114395
0.0168551653623581
0.0186387244611979
0.0131892273202538
0.0240912865847349
0.0162607301026583
0.0167708303779364
0.0136749912053347
0.0174344684928656
0.0171695463359356
0.0211400594562292
0.0082985367625952
0.0130713712424040
0.0164550598710775
0.0167442876845598
0.0208770819008350
0.0194818619638681
0.0187848694622517
0.0210375320166349
0.0200718026608229
0.0208000615239143
0.0186416003853083
0.0179699249565601
0.0216003190726042
0.0282231010496616
0.0229585915803909
0.0209876056760550
0.0196160450577736
0.0221898760646582
0.0222544092684984
0.0185434315353632
0.0187551379203796
0.0127159692347050
0.0125128319486976
0.0176968649029732
0.0162761248648167
0.0187353417277336
0.0186563692986965
0.0240759253501892
0.0218296274542809
0.0261153839528561
0.0228738952428102
0.0215035937726498
0.0208825953304768
0.0183099322021008
0.0216231420636177
0.0155248679220676
0.0139211732894182
0.0136662712320685
0.0239364989101887
0.0216631367802620
0.0194921493530273
0.0224550645798445
0.0264973491430283
0.0262813773006201
0.0202741753309965
0.0237288679927588
0.0180364660918713
0.0182954370975494
0.0193230733275414
0.0200506150722504
0.0139064798131585
0.0201940499246120
0.0178470034152269
0.0183050986379385
0.0190985109657049
0.0203262772411108
0.0195319261401892
0.0178127437829971
0.0163093395531178
0.0187934096902609
0.0187884494662285
0.0196456983685493
0.0215759370476007
0.0273698829114437
0.0249805878847837
0.0225901696830988
0.0239473804831505
0.0260927937924862
0.0234964862465858
0.0195887293666601
0.0161678697913885
0.0126781649887562
0.0124132102355361
0.0136580551043153
0.0157632585614920
0.0190884284675121
0.0171709340065718
0.0230784416198730
0.0246465038508177
0.0273843389004469
0.0269184317439795
0.0218395553529263
0.0188929010182619
0.0188430901616812
0.0199488289654255
0.0175930876284838
0.0198647417128086
0.0130173265933990
0.0211250297725201
0.0193931981921196
0.0192452892661095
0.0195319261401892
0.0249278843402863
0.0290679279714823
0.0212761461734772
0.0207054000347853
0.0194290708750486
0.0182892642915249
0.0192402098327875
0.0192148294299841
0.0129146361723542
0.0196042507886887
0.0178739838302135
0.0192452892661095
0.0213159285485744
0.0195787809789181
0.0204558819532394
0.0179594811052084
0.0180640928447247
0.0194397196173668
0.0196876265108585
0.0189132429659367
0.0196460913866758
0.0192202869802713
0.0181022845208645
0.0195220056921244
0.0185277611017227
0.0210308525711298
0.0188235789537430
0.0199123956263065
0.0230423733592033
0.0253263935446739
0.0203427877277136
0.0241829287260771
0.0215422175824642
0.0204720888286829
0.0194397196173668
0.0225667767226696
0.0209090597927570
0.0206076521426439
0.0275735035538673
0.0229513049125671
0.0198703836649656
0.0200125277042389
0.0180736351758242
0.0184447951614857
0.0180688630789518
0.0204937215894461
0.0182077288627625
0.0195323172956705
0.0193731170147657
0.0175239071249962
0.0166051015257835
0.0231949537992477
0.0163312070071697
0.0182414092123508
0.0194192007184029
0.0184350591152906
0.0188335198909044
0.0211310312151909
0.0226144883781672
0.0181741118431091
0.0193987060338259
0.0188633762300014
0.0209935344755650
0.0195853598415852
0.0205656532198191
0.0188697148114443
0.0185388810932636
0.0200404040515423
0.0196267683058977
0.0185829810798168
0.0210657063871622
0.0194257274270058
0.0179655142128468
0.0189345851540565
0.0182764641940594
0.0211437102407217
0.0190499052405357
0.0196890421211720
0.0224081035703421
0.0248185414820910
0.0254488606005907
0.0273362919688225
0.0180558562278748
0.0199770145118237
0.0192572232335806
0.0212276056408882
0.0175066720694304
0.0188846644014120
0.0225684009492397
0.0210268143564463
0.0195698551833630
0.0205222647637129
0.0173364989459515
0.0168580785393715
0.0168848000466824
0.0188746973872185
0.0179276131093502
0.0202584974467754
0.0200034026056528
0.0199296064674854
0.0176225975155830
0.0218069907277822
0.0175947044044733
0.0209381822496653
0.0201837625354528
0.0184656102210283
0.0191254951059818
0.0210268143564463
0.0264698714017868
0.0195905305445194
0.0196890421211720
0.0184509921818972
0.0216687619686127
0.0187699142843485
0.0188692826777697
0.0168310087174177
0.0181894041597843
0.0185972787439823
0.0179983321577311
0.0171268433332443
0.0187847856432199
0.0168977919965982
0.0149496300145984
0.0168132446706295
0.0158310756087303
0.0198346711695194
0.0161306131631136
0.0181031730026007
0.0260464176535606
0.0330059826374054
0.0406816601753235
0.0351556353271008
0.0226634107530117
0.0203384142369032
0.0193689521402121
0.0196885913610458
0.0149220293387771
0.0138404928147793
0.0277867801487446
0.0205597542226315
0.0184554420411587
0.0210429914295673
0.0167866349220276
0.0173635836690664
0.0170546527951956
0.0232696942985058
0.0167114641517401
0.0201726444065571
0.0189842041581869
0.0168799571692944
0.0142332743853331
0.0221488084644079
0.0145140700042248
0.0186169277876616
0.0193229857832193
0.0170366521924734
0.0173957012593746
0.0242416467517614
0.0332333110272884
0.0174601152539253
0.0186071004718542
0.0170141775161028
0.0174314659088850
0.0155444033443928
0.0159728862345219
0.0116481566801667
0.0120739703997970
0.0139350099489093
0.0151994703337550
0.0144979096949100
0.0139423683285713
0.0211364161223173
0.0083674984052777
0.0118216425180435
0.0139386886730790
0.0264118816703558
0.0126548940315843
0.0186749156564474
0.0687189325690269
0.0513721294701099
0.0310678798705339
0.0237775463610888
0.0311335623264313
0.0222882926464081
0.0178129374980927
0.0398501828312874
0.0221124663949013
0.0147216096520424
0.0444056838750839
0.0496520549058914
0.0158971622586250
0.0180210582911968
0.0179261583834887
0.0108439102768898
0.0050884722732008
0.0284908302128315
0.0172620229423046
0.0161637756973505
0.0140532320365310
0.0104311387985945
0.0101192090660334
0.0373937264084816
0.0111929457634687
0.0130346622318029
0.0155485067516565
0.0136401858180761
0.0109677128493786
0.0113356867805123
0.0277851652354002
0.0086963111534715
0.0114530008286238
0.0144902551546693
0.0173005256801844
0.0168364271521568
0.0195705350488424
0.0175396651029587
0.0153544982895255
0.0180517211556435
0.0192477274686098
0.0176931396126747
0.0144919352605939
0.0133284945040941
0.0096201822161674
0.0134984673932195
0.0120913209393620
0.0148129863664508
0.0142905777320266
0.0168053414672613
0.0505840219557285
0.0524193532764912
0.0276785623282194
0.0254833642393351
0.0254027619957924
0.0175674688071012
0.0206044148653746
0.0245068781077862
0.0196637567132711
0.0152938142418861
0.0340163931250572
0.0327907539904118
0.0212844647467136
0.0187165681272745
0.0188952982425690
0.0190958902239799
0.0203879736363888
0.0301662106066942
0.0185689162462950
0.0159789584577084
0.0150614185258746
0.0112683698534966
0.0095568997785449
0.0320885218679905
0.0102008543908596
0.0114090591669083
0.0173783451318741
0.0170511361211538
0.0166200324892998
0.0228449385613203
0.0285242367535830
0.0138266813009977
0.0178573802113533
0.0166727695614100
0.0199130345135927
0.0195381008088589
0.0184356495738029
0.0159188192337751
0.0164181925356388
0.0177479535341263
0.0171763617545366
0.0180980879813433
0.0204673446714878
0.0203649364411831
0.0213673226535320
0.0180599037557840
0.0204511396586895
0.0243117325007915
0.0189888961613178
0.0183676369488239
0.0172809753566980
0.0227890200912952
0.0402855314314365
0.0291924905031919
0.0170498620718718
0.0202469974756241
0.0179742872714996
0.0148706538602710
0.0126721328124404
0.0146099338307977
0.0215998571366072
0.0154713494703174
0.0182227399200201
0.0222951006144285
0.0174321848899126
0.0184113308787346
0.0245957858860493
0.0209318231791258
0.0170994475483894
0.0219331402331591
0.0194506105035543
0.0193788539618254
0.0174367874860764
0.0198920182883739
0.0158475339412689
0.0212941151112318
0.0213786065578461
0.0175847169011831
0.0178654771298170
0.0261700414121151
0.0380626022815704
0.0197403058409691
0.0180503707379103
0.0172581784427166
0.0210616476833820
0.0194322410970926
0.0192331932485104
0.0180142894387245
0.0201532524079084
0.0194117296487093
0.0189509391784668
0.0180666800588369
0.0191723573952913
0.0169978197664022
0.0170832965523005
0.0180285628885031
0.0164156816899776
0.0182584766298532
0.0169440563768148
0.0187370236963034
0.0225819274783134
0.0275847334414721
0.0310152433812618
0.0307137612253428
0.0230882987380028
0.0205834154039621
0.0203081388026476
0.0184718035161495
0.0161278750747442
0.0147199658676982
0.0241481084376574
0.0180953219532967
0.0196956451982260
0.0207580421119928
0.0183019079267979
0.0208404064178467
0.0214205291122198
0.0248399749398232
0.0176424738019705
0.0205454118549824
0.0195609182119370
0.0175820272415876
0.0157533474266529
0.0195609182119370
0.0155139695852995
0.0182584766298532
0.0194527711719275
0.0185010861605406
0.0189609471708536
0.0228940714150667
0.0289654172956944
0.0192382689565420
0.0201319810003042
0.0181815121322870
0.0211658757179976
0.0191505979746580
0.0198506750166416
0.0180652420967817
0.0181752685457468
0.0193028748035431
0.0190799478441477
0.0179795995354652
0.0192316621541977
0.0175899136811495
0.0153781762346625
0.0173180568963289
0.0161734893918037
0.0199663024395704
0.0173546709120274
0.0192621480673552
0.0296908561140299
0.0307518839836121
0.0274155642837286
0.0281787179410458
0.0215891376137733
0.0207673516124487
0.0198926441371441
0.0225443933159113
0.0177485123276711
0.0172997787594795
0.0280673485249281
0.0236915517598391
0.0200773049145937
0.0199031513184309
0.0174097381532192
0.0168090518563986
0.0159403476864100
0.0239430610090494
0.0176970455795527
0.0191001072525978
0.0186417922377586
0.0166720487177372
0.0147032607346773
0.0262400489300489
0.0151484971866012
0.0178236402571201
0.0186319500207901
0.0176643710583448
0.0177204217761755
0.0222546365112066
0.0278459358960390
0.0171678345650434
0.0183197893202305
0.0176038518548012
0.0303003955632448
0.0085579548031092
0.0080071343109012
0.0061769238673151
0.0074052480049431
0.0068359575234354
0.0071346620097756
0.0084123518317938
0.0085941813886166
0.0174234192818403
0.0068994164466858
0.0073390756733716
0.0069524399004877
0.0153983896598220
0.0070429616607726
0.0092218285426497
0.0180603545159101
0.0419139042496681
0.1613121181726456
0.1472690105438232
0.0421803109347820
0.0117105953395367
0.0085783116519451
0.0047814301215112
0.0016579285729676
0.0021956225391477
0.0165841449052095
0.0066842674277723
0.0075354068540037
0.0116858892142773
0.0061899838037789
0.0036681341007352
0.0140578718855977
0.0243573114275932
0.0051009142771363
0.0143465651199222
0.0083393836393952
0.0088567631319165
0.0085987187922001
0.0477274134755135
0.0052692703902721
0.0098666232079268
0.0134054673835635
0.0082474257797003
0.0088942516595125
0.0600188337266445
0.0856498554348946
0.0075613143853843
0.0076638087630272
0.0083283819258213
0.0199766941368580
0.0195334106683731
0.0198400449007750
0.0204678308218718
0.0201674588024616
0.0201674588024616
0.0198295712471008
0.0193537510931492
0.0196939278393984
0.0193946696817875
0.0218008849769831
0.0201887674629688
0.0214412901550531
0.0191251877695322
0.0195798762142658
0.0188196618109941
0.0194202866405249
0.0205002781003714
0.0213904064148664
0.0225501712411642
0.0176595728844404
0.0190345197916031
0.0197407752275467
0.0202688742429018
0.0199661497026682
0.0178329162299633
0.0204732343554497
0.0194459389895201
0.0194202866405249
0.0208495929837227
0.0212777629494667
0.0203331876546144
0.0166016463190317
0.0193486437201500
0.0211377907544374
0.0203815568238497
0.0206687413156033
0.0226994957774878
0.0219742339104414
0.0228498075157404
0.0213847588747740
0.0223545674234629
0.0203654207289219
0.0193129181861877
0.0193078219890594
0.0177905969321728
0.0166851300746202
0.0183438453823328
0.0197564158588648
0.0194921977818012
0.0202358812093735
0.0201080720871687
0.0202038530260324
0.0213049072772264
0.0212655737996101
0.0216507799923420
0.0216507799923420
0.0196359343826771
0.0198706015944481
0.0185279622673988
0.0187493879348040
0.0197711791843176
0.0187048912048340
0.0169686730951071
0.0189434289932251
0.0187939908355474
0.0231279451400042
0.0203269030898809
0.0190739072859287
0.0209092870354652
0.0211256816983223
0.0194913204759359
0.0208872184157372
0.0232258457690477
0.0215936973690987
0.0190286394208670
0.0199494455009699
0.0221012365072966
0.0200127456337214
0.0207333881407976
0.0213274192065001
0.0196930412203074
0.0156393889337778
0.0199810694903135
0.0217252131551504
0.0197711791843176
0.0201612282544374
0.0192713048309088
0.0193989165127277
0.0216679349541664
0.0188436731696129
0.0204237271100283
0.0197763983160257
0.0197398867458105
0.0192255713045597
0.0161172281950712
0.0199021007865667
0.0199863445013762
0.0202305391430855
0.0191445332020521
0.0214926376938820
0.0186764243990183
0.0187109708786011
0.0204627532511950
0.0220384895801544
0.0200086813420057
0.0188199616968632
0.0194308534264565
0.0182716362178326
0.0184363815933466
0.0209713727235794
0.0184656083583832
0.0187406316399574
0.0174006894230843
0.0182090364396572
0.0185878854244947
0.0247269757091999
0.0195388756692410
0.0193489491939545
0.0244285073131323
0.0251948311924934
0.0191608686000109
0.0203980300575495
0.0206963699311018
0.0190750658512115
0.0172179043292999
0.0171272344887257
0.0200721696019173
0.0200615730136633
0.0201199166476727
0.0230622850358486
0.0194257237017155
0.0184899996966124
0.0219224337488413
0.0224317759275436
0.0211996007710695
0.0193949770182371
0.0207346510142088
0.0217150691896677
0.0220792535692453
0.0186321008950472
0.0213850997388363
0.0195131022483110
0.0188547726720572
0.0186222679913044
0.0199981182813644
0.0199559256434441
0.0186468642205000
0.0193387363106012
0.0187060311436653
0.0189707707613707
0.0204478073865175
0.0199940651655197
0.0212906431406736
0.0205614846199751
0.0205072723329067
0.0197370890527964
0.0210725609213114
0.0203025732189417
0.0180426668375731
0.0214372854679823
0.0226234719157219
0.0217221360653639
0.0187764484435320
0.0210558772087097
0.0199203044176102
0.0162860192358494
0.0167791843414307
0.0141857033595443
0.0156454313546419
0.0175308678299189
0.0194166600704193
0.0199835132807493
0.0212009027600288
0.0222620591521263
0.0231857988983393
0.0177685003727674
0.0195297617465258
0.0216534268110991
0.0188310556113720
0.0224153921008110
0.0215507745742798
0.0172735974192619
0.0169170703738928
0.0219933446496725
0.0208401978015900
0.0215223468840122
0.0228576064109802
0.0213300269097090
0.0181190390139818
0.0223326999694109
0.0220922715961933
0.0203669946640730
0.0208897721022367
0.0214033573865891
0.0167040489614010
0.0162473693490028
0.0218025688081980
0.0216419994831085
0.0209781974554062
0.0188785642385483
0.0198130197823048
0.0191647987812757
0.0216279719024897
0.0227705426514149
0.0212039500474930
0.0200974978506565
0.0204129889607430
0.0196359734982252
0.0198758877813816
0.0232749972492456
0.0206787660717964
0.0209646038711071
0.0178557056933641
0.0199916623532772
0.0189134851098061
0.0183430556207895
0.0153368525207043
0.0150838792324066
0.0179644543677568
0.0201612673699856
0.0191142689436674
0.0211201496422291
0.0207662992179394
0.0216108504682779
0.0209148507565260
0.0155693879351020
0.0187098681926727
0.0208266917616129
0.0203591696918011
0.0240114741027355
0.0213951338082552
0.0187049303203821
0.0197503510862589
0.0238346364349127
0.0214403681457043
0.0203645452857018
0.0217539556324482
0.0235345084220171
0.0163400433957577
0.0214290507137775
0.0226985178887844
0.0196515321731567
0.0202947724610567
0.0195686984807253
0.0161342881619930
0.0174733176827431
0.0207553394138813
0.0201559476554394
0.0196671020239592
0.0237608905881643
0.0182814784348011
0.0191307403147221
0.0199772194027901
0.0205008145421743
0.0199561342597008
0.0190199501812458
0.0185488611459732
0.0185048412531614
0.0192472543567419
0.0186126288026571
0.0190853383392096
0.0181420464068651
0.0171590931713581
0.0177863668650389
0.0174468699842691
0.0226282924413681
0.0231051836162806
0.0251286625862122
0.0311693027615547
0.0253552347421646
0.0183152928948402
0.0200353171676397
0.0188998207449913
0.0163973532617092
0.0157607067376375
0.0196217875927687
0.0198877621442080
0.0196217875927687
0.0202908217906952
0.0206202305853367
0.0172362737357616
0.0177863668650389
0.0232213679701090
0.0196892451494932
0.0209162980318069
0.0189898461103439
0.0192777682095766
0.0201148148626089
0.0261782594025135
0.0177020467817783
0.0201786402612925
0.0196062512695789
0.0180846638977528
0.0181756056845188
0.0224675685167313
0.0237985588610172
0.0175577625632286
0.0186519827693701
0.0183685552328825
0.0214046053588390
0.0189568586647511
0.0187280382961035
0.0188520532101393
0.0200110767036676
0.0195412151515484
0.0188719704747200
0.0188073124736547
0.0192036777734756
0.0178118105977774
0.0183027945458889
0.0240157637745142
0.0224759615957737
0.0184045471251011
0.0180866438895464
0.0178447552025318
0.0199372526258230
0.0230103097856045
0.0273034982383251
0.0270095579326153
0.0221870839595795
0.0186441745609045
0.0193053428083658
0.0187577269971371
0.0154370935633779
0.0157999284565449
0.0156670119613409
0.0188271850347519
0.0186146665364504
0.0208139233291149
0.0206388253718615
0.0164381600916386
0.0137514043599367
0.0190622489899397
0.0201117061078548
0.0216261278837919
0.0205898471176624
0.0231749136000872
0.0208139233291149
0.0250519234687090
0.0214555244892836
0.0240856092423201
0.0209075435996056
0.0187181532382965
0.0190521869808435
0.0208084285259247
0.0237446799874306
0.0194999892264605
0.0190672818571329
0.0187676344066858
0.0162851419299841
0.0211717952042818
0.0193542037159204
0.0210269689559937
0.0223314948379993
0.0205115824937820
0.0203981809318066
0.0212333668023348
0.0212277602404356
0.0244351383298635
0.0278316698968410
0.0191306844353676
0.0225804857909679
0.0213514119386673
0.0222726166248322
0.0204251259565353
0.0150212952867150
0.0126995230093598
0.0143317421898246
0.0141214188188314
0.0155211705714464
0.0201839096844196
0.0204845257103443
0.0195958483964205
0.0222843810915947
0.0223432891070843
0.0151767544448376
0.0153014715760946
0.0187655277550220
0.0198982078582048
0.0237796492874622
0.0226401761174202
0.0198824554681778
0.0177487898617983
0.0243128798902035
0.0211885701864958
0.0206256154924631
0.0245774723589420
0.0260953847318888
0.0132194953039289
0.0241848435252905
0.0245450511574745
0.0197308156639338
0.0213909074664116
0.0199771616607904
0.0121614160016179
0.0149500845000148
0.0221436321735382
0.0194978006184101
0.0200511328876019
0.0226140599697828
0.0210860483348370
0.0201766006648540
0.0188083201646805
0.0197914782911539
0.0186058357357979
0.0205420833081007
0.0212481059134007
0.0199541170150042
0.0258051026612520
0.0221356153488159
0.0125251449644566
0.0132286697626114
0.0195061825215816
0.0202139206230640
0.0217073690146208
0.0263211373239756
0.0140049457550049
0.0143833979964256
0.0171437747776508
0.0323652327060699
0.0219841953366995
0.0190683025866747
0.0220423080027103
0.0226200316101313
0.0234903097152710
0.0247835498303175
0.0209805481135845
0.0176256485283375
0.0184590611606836
0.0173578187823296
0.0188929215073586
0.0341200418770313
0.0211864896118641
0.0186353307217360
0.0173440799117088
0.0175189506262541
0.0159264132380486
0.0187339857220650
0.0174773745238781
0.0150953512638807
0.0168520957231522
0.0188182536512613
0.0206399317830801
0.0198385603725910
0.0184785649180412
0.0203262977302074
0.0209805481135845
0.0186648722738028
0.0198910031467676
0.0237428285181522
0.0161871146410704
0.0211167018860579
0.0225455202162266
0.0194470640271902
0.0190859399735928
0.0166333150118589
0.0186427216976881
0.0189704019576311
0.0227908790111542
0.0260825045406818
0.0191111490130424
0.0218482390046120
0.0181426182389259
0.0223499573767185
0.0169122740626335
0.0116372900083661
0.0134914349764585
0.0123788649216294
0.0205828081816435
0.0192173961549997
0.0152858467772603
0.0184663832187653
0.0140772378072143
0.0185886640101671
0.0297394115477800
0.0183449052274227
0.0176233332604170
0.0230815242975950
0.0177213083952665
0.0222675036638975
0.0228813122957945
0.0350374542176723
0.0254902690649033
0.0195603407919407
0.0216073244810104
0.0188257172703743
0.0220860093832016
0.0259588547050953
0.0270859990268946
0.0211334321647882
0.0180756878107786
0.0182675775140524
0.0163762420415878
0.0183449052274227
0.0242944657802582
0.0151692647486925
0.0155053231865168
0.0181665830314159
0.0200200863182545
0.0226537622511387
0.0168772265315056
0.0188413392752409
0.0172647889703512
0.0174711178988218
0.0170744154602289
0.0167308282107115
0.0167043488472700
0.0203351229429245
0.0252234507352114
0.0196854043751955
0.0208901483565569
0.0256058853119612
0.0261317305266857
0.0201055835932493
0.0173470284789801
0.0120123131200671
0.0246312022209167
0.0485195964574814
0.0355794057250023
0.0150025598704815
0.0172147247940302
0.0178299080580473
0.0093996785581112
0.0085859177634120
0.0142912082374096
0.0160303674638271
0.0116285141557455
0.0174803473055363
0.0196750145405531
0.0165681988000870
0.0146309733390808
0.0196490623056889
0.0244820974767208
0.0144391125068069
0.0230215303599834
0.0181145835667849
0.0234323590993881
0.0210673753172159
0.0277896150946617
0.0238316375762224
0.0204914063215256
0.0202120207250118
0.0167396664619446
0.0174665059894323
0.0289732925593853
0.0329919271171093
0.0148567259311676
0.0167485047131777
0.0176705829799175
0.0166893713176250
0.0196469966322184
0.0212550964206457
0.0202259123325348
0.0210040789097548
0.0202045645564795
0.0198136772960424
0.0192974396049976
0.0233804658055305
0.0226095616817474
0.0240630395710468
0.0273067355155945
0.0309059806168079
0.0232205335050821
0.0234546530991793
0.0189091209322214
0.0120142232626677
0.0155001822859049
0.0214637331664562
0.0157310403883457
0.0128848394379020
0.0178562961518764
0.0198346115648746
0.0140800038352609
0.0164879206568003
0.0249163750559092
0.0119100101292133
0.0148160001263022
0.0185923147946596
0.0200663562864065
0.0208438839763403
0.0185726936906576
0.0164357684552670
0.0171177536249161
0.0199343524873257
0.0214977581053972
0.0204622261226177
0.0281633492559195
0.0247851610183716
0.0167688690125942
0.0334709510207176
0.0257047843188047
0.0196314416825771
0.0190594773739576
0.0190042089670897
0.0154674807563424
0.0183001309633255
0.0191199518740177
0.0177154336124659
0.0198032185435295
0.0149902598932385
0.0232161898165941
0.0208234898746014
0.0206646714359522
0.0219409260898829
0.0207466669380665
0.0221679974347353
0.0222971253097057
0.0236117839813232
0.0280986744910479
0.0298655778169632
0.0182677507400513
0.0214087925851345
0.0224092490971088
0.0243075247853994
0.0215676333755255
0.0132445264607668
0.0102091012522578
0.0121908802539110
0.0109633710235357
0.0143588790670037
0.0207960177212954
0.0202970076352358
0.0199095904827118
0.0261103063821793
0.0276936274021864
0.0164066869765520
0.0150696188211441
0.0173648688942194
0.0193397272378206
0.0208070017397404
0.0220629069954157
0.0224566273391247
0.0152456872165203
0.0224566273391247
0.0186625961214304
0.0201954543590546
0.0234193336218596
0.0252960957586765
0.0093696853145957
0.0264293253421783
0.0242434386163950
0.0190659761428833
0.0228513423353434
0.0207631047815084
0.0100274616852403
0.0127740567550063
0.0236242543905973
0.0187713038176298
0.0211392100900412
0.0198265090584755
0.0205784421414137
0.0208133794367313
0.0211792103946209
0.0202978700399399
0.0201643444597721
0.0203622747212648
0.0204592663794756
0.0203354153782129
0.0241677816957235
0.0242188796401024
0.0155143160372972
0.0181291941553354
0.0206437371671200
0.0212295930832624
0.0200158394873142
0.0179198235273361
0.0161708667874336
0.0169399622827768
0.0190165136009455
0.0184089262038469
0.0201536994427443
0.0197899043560028
0.0203300472348928
0.0228342190384865
0.0217515304684639
0.0242636762559414
0.0184527188539505
0.0192437786608934
0.0193865559995174
0.0208628904074430
0.0225705113261938
0.0244953781366348
0.0218032747507095
0.0210955068469048
0.0193916745483875
0.0192539412528276
0.0197794567793608
0.0216598473489285
0.0191576071083546
0.0189713854342699
0.0192742832005024
0.0192590244114399
0.0200952589511871
0.0193048398941755
0.0156872961670160
0.0168107636272907
0.0189663767814636
0.0190466605126858
0.0199156906455755
0.0186175387352705
0.0202533528208733
0.0210436843335629
0.0217210222035646
0.0210659168660641
0.0215382948517799
0.0205875877290964
0.0202908143401146
0.0205930247902870
0.0206529125571251
0.0207239147275686
0.0213571041822433
0.0213740263134241
0.0192879419773817
0.0210993122309446
0.0191054977476597
0.0161737855523825
0.0184755474328995
0.0168716013431549
0.0184463057667017
0.0165670495480299
0.0188649203628302
0.0206474624574184
0.0202319771051407
0.0229895710945129
0.0225924700498581
0.0193695873022079
0.0191408395767212
0.0202961731702089
0.0195132978260517
0.0220445301383734
0.0218475461006165
0.0192066431045532
0.0201201196759939
0.0218302477151155
0.0201679822057486
0.0203982349485159
0.0206965785473585
0.0215326100587845
0.0178427994251251
0.0216637533158064
0.0206256695091724
0.0191661212593317
0.0199824888259172
0.0198300871998072
0.0163368582725525
0.0169430170208216
0.0202266369014978
0.0196580756455660
0.0203874669969082
0.0224237050861120
0.0047295708209276
0.0049939076416194
0.0045663886703551
0.0052203829400241
0.0053009339608252
0.0047898851335049
0.0042747352272272
0.0039492347277701
0.0068734050728381
0.0023193724919111
0.0027463063597679
0.0022619257215410
0.0052024964243174
0.0026726357173175
0.0042186803184450
0.0311742201447487
0.0559441186487675
0.1692383587360382
0.3002013862133026
0.0468126162886620
0.0066537954844534
0.0058556734584272
0.0056760697625577
0.0013798947911710
0.0007137643406168
0.0176535006612539
0.0072690648958087
0.0046234000474215
0.0073831747286022
0.0048496900126338
0.0021960237063468
0.0040207733400166
0.0281762536615133
0.0040048821829259
0.0076429815962911
0.0042713508009911
0.0030097749549896
0.0034019933082163
0.0597136877477169
0.0014655041741207
0.0043418412096798
0.0067279841750860
0.0039722402580082
0.0038260838482529
0.0274856314063072
0.0727311447262764
0.0033335352782160
0.0038270945660770
0.0038789708632976
0.0263937227427959
0.0158694647252560
0.0155460219830275
0.0142452074214816
0.0137065863236785
0.0158527176827192
0.0177350174635649
0.0134876230731606
0.0144535573199391
0.0154927605763078
0.0077577396295965
0.0099349571391940
0.0071048568934202
0.0133565152063966
0.0107141342014074
0.0141814183443785
0.0424724407494068
0.0515404976904392
0.0721850469708443
0.0663022994995117
0.0372006855905056
0.0185393076390028
0.0171231105923653
0.0188104622066021
0.0088314153254032
0.0061657540500164
0.0352129898965359
0.0216069221496582
0.0149779738858342
0.0166945941746235
0.0109543846920133
0.0092221796512604
0.0111852493137121
0.0277367532253265
0.0107056526467204
0.0145492665469646
0.0123851746320724
0.0077107748948038
0.0077823540195823
0.0372498184442520
0.0064589991234243
0.0097814109176397
0.0156365763396025
0.0142640238627791
0.0128514971584082
0.0243325270712376
0.0740574374794960
0.0136128263548017
0.0137138245627284
0.0123134497553110
0.0139456065371633
0.0244193077087402
0.0166615042835474
0.0142922392114997
0.0184099879115820
0.0159597340971231
0.0191941484808922
0.0220592897385359
0.0216268114745617
0.0422207377851009
0.0268114842474461
0.0097620217129588
0.0138611849397421
0.0378994010388851
0.0206776522099972
0.0288380160927773
0.0216496605426073
0.0121695892885327
0.0323047675192356
0.0190880298614502
0.0259000845253468
0.0295938514173031
0.0189774874597788
0.0169722754508257
0.0179208572953939
0.0166747085750103
0.0208145789802074
0.0123508423566818
0.0145051041617990
0.0189274530857801
0.0143982786685228
0.0171162635087967
0.0398594476282597
0.0221351273357868
0.0162574127316475
0.0163564290851355
0.0150274224579334
0.0135464472696185
0.0183662958443165
0.0052562495693564
0.0165606439113617
0.0169857218861580
0.0180300045758486
0.0242778901010752
0.0190276540815830
0.0178547427058220
0.0275287348777056
0.0233044885098934
0.0141010973602533
0.0195212084800005
0.0216154903173447
0.0187633577734232
0.0133900661021471
0.0119153186678886
0.0164127349853516
0.0137627972289920
0.0152110988274217
0.0163824316114187
0.0170351974666119
0.0296252537518740
0.0151830147951841
0.0110312979668379
0.0121055580675602
0.0280941911041737
0.0139162475243211
0.0177046209573746
0.0278946515172720
0.0301062017679214
0.1048638075590134
0.0580804459750652
0.0326220132410526
0.0233970619738102
0.0181782487779856
0.0116294035688043
0.0065077831968665
0.0052980696782470
0.0212645698338747
0.0104198455810547
0.0119373546913266
0.0175510477274656
0.0139677766710520
0.0081127732992172
0.0134680597111583
0.0248551927506924
0.0128871779888868
0.0189625490456820
0.0120959766209126
0.0133090037852526
0.0141982845962048
0.0156056554988027
0.0137882549315691
0.0182744842022657
0.0169858001172543
0.0175093971192837
0.0132109886035323
0.0234836991876364
0.0593201369047165
0.0137482704594731
0.0107098976150155
0.0136074442416430
0.0184607282280922
0.0033630260732025
0.0036749714054167
0.0026177226100117
0.0031816542614251
0.0032512813340873
0.0030452318023890
0.0035481750965118
0.0032001864165068
0.0105399442836642
0.0014494836796075
0.0014718484599143
0.0019750930368900
0.0100720506161451
0.0026898807846010
0.0056154993362725
0.0105149308219552
0.0348055027425289
0.1849541515111923
0.2872812151908875
0.0340781100094318
0.0058253947645426
0.0034221373498440
0.0014804217498749
0.0005340616917238
0.0009110381361097
0.0107365353032947
0.0024765448179096
0.0037061492912471
0.0050155268982053
0.0020082178525627
0.0019241410773247
0.0192470550537109
0.0390308350324631
0.0016049800906330
0.0064316228963435
0.0034357162658125
0.0016318972920999
0.0022490415722132
0.0213118288666010
0.0009187673567794
0.0018012470100075
0.0059954626485705
0.0035792209673673
0.0048131612129509
0.1044882312417030
0.1038556918501854
0.0034841259475797
0.0041637578979135
0.0041265510953963
0.0191592015326023
0.0194342918694019
0.0199805460870266
0.0207986328750849
0.0225962381809950
0.0210027899593115
0.0197081286460161
0.0195062533020973
0.0197654422372580
0.0225128773599863
0.0216102413833141
0.0175328943878412
0.0210749953985214
0.0211139786988497
0.0198648367077112
0.0194086562842131
0.0176071114838123
0.0183522272855043
0.0230724569410086
0.0259692147374153
0.0184104591608047
0.0190633367747068
0.0202406942844391
0.0168432630598545
0.0187044050544500
0.0190180968493223
0.0166399534791708
0.0157841537147760
0.0188730489462614
0.0203317403793335
0.0217131786048412
0.0210138820111752
0.0214907657355070
0.0247378814965487
0.0212987270206213
0.0210138820111752
0.0195268634706736
0.0204771831631660
0.0221590809524059
0.0162922032177448
0.0207602325826883
0.0206891056150198
0.0192149188369513
0.0195526555180550
0.0191895719617605
0.0192098487168550
0.0202620811760426
0.0188083890825510
0.0191288758069277
0.0194805227220058
0.0231976285576820
0.0193907003849745
0.0202593766152859
0.0200783405452967
0.0190155580639839
0.0195191018283367
0.0194676388055086
0.0187810696661472
0.0195397250354290
0.0211278852075338
0.0196743067353964
0.0176466386765242
0.0189604181796312
0.0201420504599810
0.0192022137343884
0.0178292673081160
0.0185445789247751
0.0236927736550570
0.0283742658793926
0.0282248444855213
0.0188655499368906
0.0191920772194862
0.0195191018283367
0.0176886171102524
0.0163633022457361
0.0159159377217293
0.0260756611824036
0.0184517912566662
0.0189754385501146
0.0198989231139421
0.0194933544844389
0.0183740146458149
0.0179520677775145
0.0230207052081823
0.0185837857425213
0.0204690452665091
0.0188207775354385
0.0198936723172665
0.0192174278199673
0.0286679174751043
0.0188854821026325
0.0195294115692377
0.0199462603777647
0.0186329111456871
0.0180948134511709
0.0200624447315931
0.0234129689633846
0.0163072384893894
0.0184420514851809
0.0185788795351982
0.0218509938567877
0.0167588368058205
0.0177985653281212
0.0215019211173058
0.0244907289743423
0.0199329499155283
0.0172891262918711
0.0194443799555302
0.0177516378462315
0.0255743749439716
0.0284678414463997
0.0155976060777903
0.0177797786891460
0.0160402562469244
0.0193726457655430
0.0176302082836628
0.0157881807535887
0.0097159054130316
0.0115256235003471
0.0238463375717402
0.0321351811289787
0.0165478084236383
0.0197131521999836
0.0157465524971485
0.0178550388664007
0.0247311294078827
0.0106087205931544
0.0148423621430993
0.0207929536700249
0.0192553717643023
0.0244778022170067
0.0211528409272432
0.0378400422632694
0.0278287883847952
0.0233479812741280
0.0227276533842087
0.0184054337441921
0.0199276879429817
0.0290064755827188
0.0141386073082685
0.0172480959445238
0.0204499866813421
0.0181449074298143
0.0179637856781483
0.0184833426028490
0.0209472253918648
0.0198751483112574
0.0204337947070599
0.0183811541646719
0.0188330616801977
0.0211968291550875
0.0181874390691519
0.0218329373747110
0.0253650452941656
0.0241304840892553
0.0229802653193474
0.0203093923628330
0.0198325291275978
0.0203523319214582
0.0190122444182634
0.0250192116945982
0.0221756696701050
0.0214388258755207
0.0131828179582953
0.0214841533452272
0.0159215703606606
0.0126877147704363
0.0102639887481928
0.0084113767370582
0.0154169378802180
0.0209299176931381
0.0150748332962394
0.0201225988566875
0.0193464178591967
0.0235514622181654
0.0342992991209030
0.0122015392407775
0.0192191526293755
0.0222636591643095
0.0185903608798981
0.0256207883358002
0.0222930684685707
0.0209243930876255
0.0198744591325521
0.0245675873011351
0.0213879495859146
0.0208471976220608
0.0239338036626577
0.0259475223720074
0.0198063664138317
0.0227689053863287
0.0226490013301373
0.0185168888419867
0.0181203410029411
0.0192343816161156
0.0129722217097878
0.0151346484199166
0.0205521080642939
0.0202879570424557
0.0197593625634909
0.0264836158603430
0.0158396586775780
0.0206688884645700
0.0223606321960688
0.0234550517052412
0.0217837821692228
0.0176317486912012
0.0173134766519070
0.0161265823990107
0.0120780300348997
0.0143126044422388
0.0182811282575130
0.0179463941603899
0.0124503439292312
0.0153416730463505
0.0154473409056664
0.0211882274597883
0.0171632952988148
0.0176550373435020
0.0375150851905346
0.0378933325409889
0.0149893620982766
0.0180509313941002
0.0176736917346716
0.0178377535194159
0.0257323831319809
0.0123945921659470
0.0238736197352409
0.0227837115526199
0.0186221059411764
0.0212442371994257
0.0188944712281227
0.0202636681497097
0.0312593579292297
0.0197617746889591
0.0199399553239346
0.0186467021703720
0.0163970421999693
0.0160458926111460
0.0266942009329796
0.0159025099128485
0.0166500471532345
0.0182233061641455
0.0159445460885763
0.0181896593421698
0.0311851724982262
0.0289401654154062
0.0165099799633026
0.0200402252376080
0.0183730572462082
0.0332203879952431
0.0051734657026827
0.0049464129842818
0.0041020470671356
0.0039282334037125
0.0045373099856079
0.0050546610727906
0.0046562324278057
0.0040493244305253
0.0068766777403653
0.0031122367363423
0.0033210648689419
0.0019768886268139
0.0041554565541446
0.0027804509736598
0.0040707611478865
0.0454463548958302
0.0640544518828392
0.1206395700573921
0.2290181368589401
0.0603922978043556
0.0070401648990810
0.0054900799877942
0.0093332603573799
0.0017246702918783
0.0005719229229726
0.0435666739940643
0.0120986895635724
0.0042598685249686
0.0084602292627096
0.0042151208035648
0.0018452595686540
0.0035336303990334
0.0143560236319900
0.0037926989607513
0.0070012426003814
0.0050161103717983
0.0041423123329878
0.0042542484588921
0.1471328884363174
0.0015226120594889
0.0060231303796172
0.0084379231557250
0.0042073377408087
0.0042632436379790
0.0267186872661114
0.0337240733206272
0.0032200515270233
0.0042654951103032
0.0042700013145804
0.0283266585320234
0.0147570632398129
0.0161386635154486
0.0170947276055813
0.0198865290731192
0.0167772863060236
0.0150005947798491
0.0162283871322870
0.0156725998967886
0.0253269020467997
0.0192359033972025
0.0129390442743897
0.0151959024369717
0.0173310246318579
0.0154752470552921
0.0156560577452183
0.0178794190287590
0.0168928448110819
0.0321535840630531
0.0552420988678932
0.0413081757724285
0.0160409677773714
0.0167772863060236
0.0113659845665097
0.0089080221951008
0.0139427771791816
0.0122347613796592
0.0125686973333359
0.0170047059655190
0.0189186166971922
0.0181313473731279
0.0143233304843307
0.0329788960516453
0.0364589914679527
0.0165049117058516
0.0228068046271801
0.0161685179919004
0.0168349668383598
0.0215597208589315
0.0261559132486582
0.0125919450074434
0.0173081625252962
0.0185869242995977
0.0151959024369717
0.0161984246224165
0.0338521972298622
0.0434330515563488
0.0166405439376831
0.0160240381956100
0.0159649215638638
0.0196297727525234
0.0187732204794884
0.0202455595135689
0.0232124291360378
0.0221176464110613
0.0211357865482569
0.0194184463471174
0.0199642572551966
0.0184879526495934
0.0187682639807463
0.0240800566971302
0.0169812701642513
0.0178972519934177
0.0161462351679802
0.0196712762117386
0.0185711123049259
0.0179493017494678
0.0138795226812363
0.0116447331383824
0.0177607517689466
0.0218853112310171
0.0182455144822598
0.0202455595135689
0.0217528268694878
0.0252053458243608
0.0260578785091639
0.0178171079605818
0.0211357865482569
0.0230353940278292
0.0192449260503054
0.0233723092824221
0.0256280675530434
0.0269819553941488
0.0235332883894444
0.0232246872037649
0.0200699474662542
0.0195883587002754
0.0187831334769726
0.0218910910189152
0.0178925283253193
0.0173300001770258
0.0181590169668198
0.0185956433415413
0.0191891193389893
0.0192246139049530
0.0176392607390881
0.0177326425909996
0.0200328901410103
0.0205308273434639
0.0196401402354240
0.0203775055706501
0.0203828867524862
0.0205503851175308
0.0190911237150431
0.0183644257485867
0.0186822805553675
0.0195604879409075
0.0197994783520699
0.0218368712812662
0.0208399482071400
0.0224625151604414
0.0251495558768511
0.0243074800819159
0.0213918033987284
0.0216588862240314
0.0187613591551781
0.0148798320442438
0.0188109558075666
0.0221855212002993
0.0166818127036095
0.0168900918215513
0.0194010548293591
0.0192378461360931
0.0171507038176060
0.0164935123175383
0.0209226384758949
0.0186576358973980
0.0184324253350496
0.0190458167344332
0.0200466811656952
0.0186921469867229
0.0176188144832850
0.0176095124334097
0.0162343122065067
0.0183063391596079
0.0207247305661440
0.0203398838639259
0.0250898692756891
0.0215334556996822
0.0238372161984444
0.0258155316114426
0.0236179754137993
0.0209890268743038
0.0197160206735134
0.0195450019091368
0.0184616465121508
0.0216646045446396
0.0195346828550100
0.0188109558075666
0.0198047067970037
0.0192458480596542
0.0202144868671894
0.0216621756553650
0.0216621756553650
0.0184254944324493
0.0192052442580462
0.0200656112283468
0.0208046287298203
0.0223181359469891
0.0192255321890116
0.0270831622183323
0.0239860378205776
0.0230973921716213
0.0184790771454573
0.0241512451320887
0.0194040015339851
0.0126051083207130
0.0136296330019832
0.0104754846543074
0.0101864002645016
0.0134402560070157
0.0181790757924318
0.0190135389566422
0.0190688334405422
0.0222886987030506
0.0299095101654530
0.0195376481860876
0.0196514539420605
0.0220487453043461
0.0184693243354559
0.0196151714771986
0.0223653223365545
0.0209755934774876
0.0133836036548018
0.0193273127079010
0.0197607055306435
0.0219384264200926
0.0267774499952793
0.0231462270021439
0.0213273800909519
0.0260453727096319
0.0222181994467974
0.0206896066665649
0.0204075202345848
0.0217309091240168
0.0148938829079270
0.0132360253483057
0.0209423936903477
0.0223181378096342
0.0213668271899223
0.0169905591756105
0.0198123641312122
0.0219725631177425
0.0239284187555313
0.0202245712280273
0.0214226860553026
0.0209417827427387
0.0206835437566042
0.0230784360319376
0.0144442636519670
0.0278951022773981
0.0363998189568520
0.0277482029050589
0.0127553781494498
0.0243747271597385
0.0159305986016989
0.0091556226834655
0.0098580503836274
0.0056596314534545
0.0069225998595357
0.0105417612940073
0.0145475910976529
0.0195783860981464
0.0212256535887718
0.0282433833926916
0.0370200574398041
0.0136292381212115
0.0209362562745810
0.0226379241794348
0.0177798531949520
0.0226797983050346
0.0207930412143469
0.0116973323747516
0.0085167260840535
0.0221589747816324
0.0189828909933567
0.0238212663680315
0.0330909416079521
0.0264604445546865
0.0162534583359957
0.0368737503886223
0.0292990561574697
0.0195319224148989
0.0199699029326439
0.0216958820819855
0.0093239285051823
0.0071510798297822
0.0211585145443678
0.0224890056997538
0.0217130724340677
0.0389875806868076
0.0172079056501389
0.0188786778599024
0.0154344262555242
0.0156849958002567
0.0160833522677422
0.0172761846333742
0.0165048893541098
0.0188786778599024
0.0132816592231393
0.0143195316195488
0.0295409765094519
0.0180406030267477
0.0122186075896025
0.0156312566250563
0.0124071370810270
0.0224661454558372
0.0351545810699463
0.0370508320629597
0.0398197583854198
0.0284390226006508
0.0145750679075718
0.0165835097432137
0.0153288487344980
0.0091222031041980
0.0098116975277662
0.0249222721904516
0.0212376900017262
0.0144562711939216
0.0185869000852108
0.0140350861474872
0.0075870188884437
0.0071664792485535
0.0108213340863585
0.0125819593667984
0.0189086049795151
0.0190942119807005
0.0278079546988010
0.0173081383109093
0.0639760345220566
0.0240878053009510
0.0293311551213264
0.0215426236391068
0.0157597102224827
0.0176589190959930
0.0259289965033531
0.0208268165588379
0.0131005756556988
0.0174641944468021
0.0170811712741852
0.0294397715479136
0.0122995208948851
0.0119065437465906
0.0100158378481865
0.0094282599166036
0.0112169282510877
0.0111108273267746
0.0119159780442715
0.0120456563308835
0.0192257277667522
0.0063285459764302
0.0101891951635480
0.0110144494101405
0.0228067804127932
0.0110523160547018
0.0136010162532330
0.0128878932446241
0.0523318052291870
0.1224803254008293
0.1108185574412346
0.0198236070573330
0.0148822432383895
0.0115565918385983
0.0067193987779319
0.0036332989111543
0.0042423158884048
0.0339147858321667
0.0085373204201460
0.0120743112638593
0.0133660836145282
0.0089009637013078
0.0072215581312776
0.0124958967790008
0.0290613919496536
0.0071987174451351
0.0172761883586645
0.0125057976692915
0.0095990449190140
0.0086530447006226
0.0418459735810757
0.0079920496791601
0.0099132452160120
0.0170002002269030
0.0125090982764959
0.0142855532467365
0.0551546104252338
0.0514007247984409
0.0096015781164169
0.0133519768714905
0.0131664564833045
0.0201316270977259
0.0198571477085352
0.0210279431194067
0.0216704234480858
0.0192938800901175
0.0194987058639526
0.0200203265994787
0.0200891550630331
0.0210446044802666
0.0164283998310566
0.0251231249421835
0.0232530552893877
0.0222149249166250
0.0165066551417112
0.0214314665645361
0.0185496676713228
0.0174062214791775
0.0151854753494263
0.0124150160700083
0.0126566002145410
0.0171100776642561
0.0184276420623064
0.0190559606999159
0.0223266351968050
0.0219641663134098
0.0255242437124252
0.0182774458080530
0.0225815307348967
0.0215278677642345
0.0193346720188856
0.0212623998522758
0.0210002046078444
0.0156949572265148
0.0140699753537774
0.0211560130119324
0.0199675410985947
0.0217564068734646
0.0271364245563745
0.0221037734299898
0.0269863959401846
0.0242627095431089
0.0237493831664324
0.0209282562136650
0.0194627046585083
0.0202061720192432
0.0140254721045494
0.0149428853765130
0.0200520642101765
0.0213918983936310
0.0199096407741308
0.0187469087541103
0.0211061667650938
0.0204480011016130
0.0191571675240993
0.0186137575656176
0.0190512556582689
0.0203242171555758
0.0202599316835403
0.0220983158797026
0.0192433409392834
0.0226535685360432
0.0268022511154413
0.0254439450800419
0.0211563762277365
0.0218777321279049
0.0193554293364286
0.0149116124957800
0.0187469087541103
0.0198155920952559
0.0140553647652268
0.0144199430942535
0.0197112411260605
0.0194527618587017
0.0183551255613565
0.0183212365955114
0.0208844579756260
0.0185548812150955
0.0186925493180752
0.0190160796046257
0.0204642023891211
0.0186826810240746
0.0185548812150955
0.0157866477966309
0.0139961196109653
0.0188411809504032
0.0202545840293169
0.0214941613376141
0.0263184402137995
0.0215965434908867
0.0206650774925947
0.0276503395289183
0.0248727705329657
0.0214544758200645
0.0208293944597244
0.0206978376954794
0.0170292537659407
0.0180285535752773
0.0206214785575867
0.0204426050186157
0.0204426050186157
0.0207229554653168
0.0190090239048004
0.0183822531253099
0.0183774009346962
0.0196987260133028
0.0187647063285112
0.0184600651264191
0.0187795758247375
0.0198291670531034
0.0211652796715498
0.0218004398047924
0.0234667938202620
0.0247914418578148
0.0211876425892115
0.0193074271082878
0.0179696045815945
0.0156480334699154
0.0211764574050903
0.0299577191472054
0.0264689065515995
0.0177339632064104
0.0185970272868872
0.0190794132649899
0.0154591519385576
0.0136696351692080
0.0149415386840701
0.0156687032431364
0.0151280891150236
0.0177808422595263
0.0213673952966928
0.0200290940701962
0.0168530140072107
0.0158852860331535
0.0189639125019312
0.0193176250904799
0.0225616227835417
0.0206737760454416
0.0256841611117125
0.0236533880233765
0.0224783867597580
0.0239803418517113
0.0256096869707108
0.0214012674987316
0.0191147029399872
0.0191702935844660
0.0210260488092899
0.0225259121507406
0.0188143104314804
0.0189689192920923
0.0188989397138357
0.0139677263796329
0.0203849822282791
0.0219663251191378
0.0212532654404640
0.0189274698495865
0.0197910629212856
0.0203527174890041
0.0205470733344555
0.0231512039899826
0.0190578345209360
0.0265999976545572
0.0300505086779594
0.0297977067530155
0.0213714204728603
0.0257569141685963
0.0198958348482847
0.0100337704643607
0.0124162388965487
0.0096518378704786
0.0067456606775522
0.0092624099925160
0.0180062353610992
0.0199273750185966
0.0171751230955124
0.0258864331990480
0.0360833667218685
0.0152673665434122
0.0188228264451027
0.0218160655349493
0.0189025029540062
0.0196193903684616
0.0250792056322098
0.0224292669445276
0.0127349374815822
0.0198486186563969
0.0187880732119083
0.0212420485913754
0.0258181858807802
0.0235456936061382
0.0129827475175261
0.0333798304200172
0.0217470619827509
0.0189624801278114
0.0206940546631813
0.0208916682749987
0.0143868932500482
0.0115528581663966
0.0210744757205248
0.0206177104264498
0.0217355806380510
0.0145721007138491
0.0193490944802761
0.0216923113912344
0.0220095813274384
0.0234183073043823
0.0197881981730461
0.0192319601774216
0.0212838780134916
0.0208776202052832
0.0189147386699915
0.0303170643746853
0.0186962969601154
0.0225745234638453
0.0180512238293886
0.0241593196988106
0.0207621939480305
0.0134341055527329
0.0065378132276237
0.0051824720576406
0.0061218626797199
0.0171364080160856
0.0176786426454782
0.0188350118696690
0.0177957080304623
0.0316585078835487
0.0524594374001026
0.0102952634915709
0.0188748352229595
0.0209328103810549
0.0171545129269361
0.0212838780134916
0.0276048257946968
0.0386109314858913
0.0160503871738911
0.0224853046238422
0.0174330063164234
0.0190098546445370
0.0223138146102428
0.0239624045789242
0.0090102562680840
0.0271925348788500
0.0193797685205936
0.0169295594096184
0.0201147571206093
0.0205061696469784
0.0141811948269606
0.0108134206384420
0.0218359548598528
0.0201572850346565
0.0213288776576519
0.0274352896958590
0.0119566060602665
0.0099339224398136
0.0086117796599865
0.0112225338816643
0.0092407148331404
0.0104449186474085
0.0121796196326613
0.0118341315537691
0.0381515808403492
0.0175561606884003
0.0064566209912300
0.0083014881238341
0.0227160044014454
0.0109041975811124
0.0151154389604926
0.0366219244897366
0.0274642799049616
0.0964732244610786
0.0987668260931969
0.0543867237865925
0.0178458858281374
0.0128501597791910
0.0092139188200235
0.0044135586358607
0.0035694970283657
0.0235899742692709
0.0096317734569311
0.0092480368912220
0.0174544900655746
0.0104394061490893
0.0069190226495266
0.0312323588877916
0.0301467943936586
0.0098088346421719
0.0166928563266993
0.0102482549846172
0.0115715311840177
0.0183329693973064
0.0318148955702782
0.0073444023728371
0.0139829171821475
0.0156928431242704
0.0115959979593754
0.0106932399794459
0.0419886484742165
0.0382928438484669
0.0098816091194749
0.0085393348708749
0.0111899916082621
0.0105284061282873
0.0197455193847418
0.0218868684023619
0.0233739707618952
0.0237973723560572
0.0211428720504045
0.0196052733808756
0.0204943791031837
0.0212267637252808
0.0165094695985317
0.0318078100681305
0.0238791834563017
0.0298234689980745
0.0178466252982616
0.0244339890778065
0.0189788751304150
0.0098663764074445
0.0068051768466830
0.0051345638930798
0.0048807892017066
0.0094508128240705
0.0165924876928329
0.0191398877650499
0.0194249562919140
0.0374051481485367
0.0503138862550259
0.0086645875126123
0.0174828823655844
0.0201350618153811
0.0175661612302065
0.0250281002372503
0.0321709513664246
0.0235660504549742
0.0134938983246684
0.0268914252519608
0.0175940059125423
0.0204295553267002
0.0272847376763821
0.0263990331441164
0.0079291053116322
0.0341307967901230
0.0231406558305025
0.0163749083876610
0.0197716020047665
0.0191146396100521
0.0085735712200403
0.0083325738087296
0.0222245808690786
0.0191550515592098
0.0204511415213346
0.0149273378774524
0.0204587597399950
0.0212964285165071
0.0204641614109278
0.0198469646275043
0.0196644235402346
0.0198522042483091
0.0202064737677574
0.0224510952830315
0.0198836755007505
0.0257275868207216
0.0268305167555809
0.0302789341658354
0.0238125231117010
0.0241161938756704
0.0201159920543432
0.0114456480368972
0.0145345749333501
0.0150619307532907
0.0101582007482648
0.0103695467114449
0.0189208984375000
0.0198260191828012
0.0158827640116215
0.0217739734798670
0.0282404683530331
0.0152701269835234
0.0169484876096249
0.0202973652631044
0.0198889262974262
0.0200894549489021
0.0235375147312880
0.0206923317164183
0.0152902966365218
0.0200523659586906
0.0199151970446110
0.0208789035677910
0.0262212939560413
0.0233456715941429
0.0141260148957372
0.0326105691492558
0.0229424182325602
0.0196384824812412
0.0206214375793934
0.0202705916017294
0.0164026450365782
0.0142872883006930
0.0195970498025417
0.0198889262974262
0.0210393667221069
0.0220410190522671
0.0195669308304787
0.0190671868622303
0.0179344005882740
0.0179107431322336
0.0184823609888554
0.0193205419927835
0.0188619159162045
0.0204975437372923
0.0212636943906546
0.0198688469827175
0.0233097877353430
0.0217405073344707
0.0204488988965750
0.0193154420703650
0.0183850303292274
0.0187675412744284
0.0233159437775612
0.0303363334387541
0.0254316292703152
0.0205571558326483
0.0193716157227755
0.0191075000911951
0.0179012883454561
0.0147128328680992
0.0154451699927449
0.0202768743038177
0.0187180601060390
0.0179865583777428
0.0210903827100992
0.0180817786604166
0.0154125830158591
0.0153719475492835
0.0176618807017803
0.0177506953477859
0.0206223838031292
0.0199793055653572
0.0227744970470667
0.0209074411541224
0.0264100804924965
0.0220293849706650
0.0234022792428732
0.0212244354188442
0.0189617704600096
0.0189167708158493
0.0209405850619078
0.0228648614138365
0.0185703970491886
0.0180913284420967
0.0189918298274279
0.0218778401613235
0.0195197332650423
0.0191522054374218
0.0192637667059898
0.0194888394325972
0.0193759761750698
0.0194939840584993
0.0191319920122623
0.0198471006006002
0.0221100952476263
0.0211341492831707
0.0197843257337809
0.0208240002393723
0.0200313404202461
0.0193964466452599
0.0182923283427954
0.0186138469725847
0.0219298824667931
0.0267670266330242
0.0266823638230562
0.0190111529082060
0.0191522054374218
0.0193810909986496
0.0182441007345915
0.0160303115844727
0.0151537694036961
0.0207690969109535
0.0170788634568453
0.0178251378238201
0.0207855515182018
0.0203404184430838
0.0175496432930231
0.0161151755601168
0.0198052283376455
0.0199100784957409
0.0213303342461586
0.0202226247638464
0.0230944976210594
0.0223271250724792
0.0256802607327700
0.0206760931760073
0.0232658442109823
0.0208680257201195
0.0191218927502632
0.0189560241997242
0.0182296559214592
0.0201959498226643
0.0183455273509026
0.0189210269600153
0.0188960675150156
0.0191702377051115
0.0200713854283094
0.0191096048802137
0.0208931881934404
0.0212267730385065
0.0205594208091497
0.0200660862028599
0.0196726843714714
0.0200449079275131
0.0195174925029278
0.0252271238714457
0.0222951099276543
0.0231712311506271
0.0182323753833771
0.0196259971708059
0.0177854876965284
0.0167067814618349
0.0173587165772915
0.0201191306114197
0.0211763996630907
0.0166451465338469
0.0186954271048307
0.0204026177525520
0.0203541964292526
0.0198605451732874
0.0170543733984232
0.0181699097156525
0.0181267876178026
0.0194608941674232
0.0217142198234797
0.0228975862264633
0.0198920294642448
0.0142067633569241
0.0172992441803217
0.0227349530905485
0.0212604235857725
0.0211372990161180
0.0253673717379570
0.0247064363211393
0.0193839836865664
0.0244082137942314
0.0263990461826324
0.0207667108625174
0.0200131814926863
0.0190391056239605
0.0150523548945785
0.0154754417017102
0.0186362937092781
0.0194968916475773
0.0193124711513519
0.0350789539515972
0.0116387782618403
0.0103870322927833
0.0080446358770132
0.0092797074466944
0.0089761028066278
0.0101324394345284
0.0104282470420003
0.0106874518096447
0.0196664053946733
0.0072365258820355
0.0048663704656065
0.0041480059735477
0.0128161078318954
0.0077058007009327
0.0107695879414678
0.0361985005438328
0.0391096659004688
0.1213487833738327
0.1591421067714691
0.0658758059144020
0.0145629299804568
0.0105000743642449
0.0096724163740873
0.0033098638523370
0.0027586645446718
0.0320589765906334
0.0104337558150291
0.0079601313918829
0.0111485617235303
0.0071567301638424
0.0037058009766042
0.0101914601400495
0.0235958881676197
0.0062833349220455
0.0119943860918283
0.0082424161955714
0.0072365258820355
0.0072060232050717
0.0422326698899269
0.0045627793297172
0.0097647812217474
0.0128228757530451
0.0099574215710163
0.0094477999955416
0.0281316973268986
0.0663996040821075
0.0083167329430580
0.0076530887745321
0.0091556003317237
0.0204508118331432
0.0174595415592194
0.0148116461932659
0.0128233712166548
0.0149886580184102
0.0155038116499782
0.0157929863780737
0.0174641478806734
0.0156559962779284
0.0288092233240604
0.0087034227326512
0.0083126658573747
0.0114805372431874
0.0335053130984306
0.0153369028121233
0.0252600274980068
0.0186655279248953
0.0270905084908009
0.0577928759157658
0.0548929646611214
0.0276030804961920
0.0227105803787708
0.0150322476401925
0.0102728949859738
0.0089056370779872
0.0113749429583549
0.0227525886148214
0.0099709583446383
0.0151477782055736
0.0154956271871924
0.0111932288855314
0.0139943491667509
0.0355276763439178
0.0398091338574886
0.0109361847862601
0.0175473373383284
0.0148390438407660
0.0080726044252515
0.0100794704630971
0.0108441840857267
0.0085530877113342
0.0091149546205997
0.0179692562669516
0.0193121507763863
0.0208873283118010
0.0503396503627300
0.0507667288184166
0.0193427652120590
0.0182706210762262
0.0185329522937536
0.0200975909829140
0.0202306732535362
0.0195687878876925
0.0210923850536346
0.0215710494667292
0.0204886682331562
0.0194811597466469
0.0206843223422766
0.0201986543834209
0.0224720481783152
0.0254743639379740
0.0182947795838118
0.0209868513047695
0.0199495758861303
0.0207993164658546
0.0193734560161829
0.0158850010484457
0.0150959016755223
0.0175473615527153
0.0226447544991970
0.0183237809687853
0.0190287660807371
0.0198550019413233
0.0190488696098328
0.0210868176072836
0.0197191834449768
0.0197035707533360
0.0165966264903545
0.0195946376770735
0.0197974257171154
0.0228489302098751
0.0205536801367998
0.0185476616024971
0.0194246675819159
0.0222007986158133
0.0208322852849960
0.0205157324671745
0.0232751052826643
0.0245370566844940
0.0164570081979036
0.0229698903858662
0.0238662268966436
0.0200922861695290
0.0204562395811081
0.0201613605022430
0.0163703449070454
0.0136297494173050
0.0185329783707857
0.0194503255188465
0.0205862633883953
0.0187989156693220
0.0198495890945196
0.0193171091377735
0.0211591310799122
0.0200074221938848
0.0203805994242430
0.0203537140041590
0.0194758512079716
0.0206786841154099
0.0190940201282501
0.0257038287818432
0.0264053884893656
0.0244980100542307
0.0171623658388853
0.0204021316021681
0.0171080809086561
0.0153813939541578
0.0168570168316364
0.0173399820923805
0.0166755374521017
0.0156146045774221
0.0181359294801950
0.0206296108663082
0.0212430860847235
0.0200921129435301
0.0187493506819010
0.0177803710103035
0.0198443513363600
0.0204075202345848
0.0217711031436920
0.0228125695139170
0.0196826048195362
0.0134829012677073
0.0152519997209311
0.0226146895438433
0.0213555470108986
0.0214572716504335
0.0265311654657125
0.0253868680447340
0.0221011936664581
0.0256699249148369
0.0268198996782303
0.0208541192114353
0.0195686202496290
0.0186900459229946
0.0137525228783488
0.0153692178428173
0.0192560125142336
0.0192916281521320
0.0191343892365694
0.0222245007753372
0.0196310989558697
0.0190088935196400
0.0189888309687376
0.0190641731023788
0.0190994367003441
0.0191802848130465
0.0191145706921816
0.0195122584700584
0.0215087365359068
0.0205484814941883
0.0205159597098827
0.0204997174441814
0.0194813758134842
0.0189838167279959
0.0176730826497078
0.0192971024662256
0.0231405720114708
0.0272342618554831
0.0265316888689995
0.0200130995362997
0.0192513056099415
0.0193583313375711
0.0193941388279200
0.0162071157246828
0.0144411558285356
0.0217772796750069
0.0179979670792818
0.0174413286149502
0.0205213762819767
0.0208270195871592
0.0169465895742178
0.0149059770628810
0.0193123910576105
0.0203702412545681
0.0213052853941917
0.0199129655957222
0.0232078693807125
0.0221133008599281
0.0285295378416777
0.0203272644430399
0.0238224267959595
0.0206954758614302
0.0188191477209330
0.0182949807494879
0.0173999369144440
0.0208050366491079
0.0182082504034042
0.0180407799780369
0.0185136217623949
